Image,Label,Size,Format
Data/Man/face_1197.jpg,0,"(82, 115)",jpeg
Data/Man/face_1050.jpg,0,"(211, 286)",jpeg
Data/Woman/face_405.jpg,1,"(140, 200)",jpeg
Data/Woman/face_708.jpg,1,"(153, 204)",jpeg
Data/Man/face_579.jpg,0,"(351, 469)",jpeg
Data/Man/face_242.jpg,0,"(171, 245)",jpeg
Data/Woman/face_659.jpg,1,"(185, 214)",jpeg
Data/Woman/face_156.jpg,1,"(82, 108)",jpeg
Data/Man/face_1112.jpg,0,"(250, 310)",jpeg
Data/Man/face_772.jpg,0,"(145, 181)",jpeg
Data/Man/face_1430.jpg,0,"(128, 175)",jpeg
Data/Man/face_1005.jpg,0,"(69, 89)",jpeg
Data/Woman/face_457.jpg,1,"(241, 320)",jpeg
Data/Woman/face_744.jpg,1,"(119, 144)",jpeg
Data/Man/face_1003.jpg,0,"(76, 105)",jpeg
Data/Man/face_405.jpg,0,"(114, 164)",jpeg
Data/Woman/face_49.jpg,1,"(155, 226)",jpeg
Data/Woman/face_443.jpg,1,"(197, 266)",jpeg
Data/Man/face_17.jpg,0,"(362, 475)",jpeg
Data/Man/face_481.jpg,0,"(87, 125)",jpeg
Data/Man/face_88.jpg,0,"(215, 292)",jpeg
Data/Man/face_178.jpg,0,"(604, 801)",jpeg
Data/Man/face_1004.jpg,0,"(154, 207)",jpeg
Data/Man/face_252.jpg,0,"(499, 716)",jpeg
Data/Woman/face_122.jpg,1,"(184, 267)",jpeg
Data/Woman/face_1248.jpg,1,"(114, 165)",jpeg
Data/Woman/face_845.jpg,1,"(117, 158)",jpeg
Data/Woman/face_251.jpg,1,"(257, 345)",jpeg
Data/Man/face_1208.jpg,0,"(382, 586)",jpeg
Data/Man/face_1192.jpg,0,"(70, 92)",jpeg
Data/Woman/face_334.jpg,1,"(338, 414)",jpeg
Data/Woman/face_677.jpg,1,"(141, 221)",jpeg
Data/Man/face_427.jpg,0,"(291, 401)",jpeg
Data/Woman/face_311.jpg,1,"(173, 226)",jpeg
Data/Woman/face_919.jpg,1,"(259, 337)",jpeg
Data/Woman/face_528.jpg,1,"(49, 70)",jpeg
Data/Man/face_268.jpg,0,"(120, 185)",jpeg
Data/Woman/face_898.jpg,1,"(125, 159)",jpeg
Data/Woman/face_40.jpg,1,"(157, 192)",jpeg
Data/Man/face_50.jpg,0,"(324, 438)",jpeg
Data/Man/face_594.jpg,0,"(117, 161)",jpeg
Data/Man/face_2.jpg,0,"(148, 248)",jpeg
Data/Man/face_1054.jpg,0,"(270, 363)",jpeg
Data/Man/face_97.jpg,0,"(266, 348)",jpeg
Data/Man/face_257.jpg,0,"(131, 185)",jpeg
Data/Woman/face_1166.jpg,1,"(571, 713)",jpeg
Data/Man/face_323.jpg,0,"(273, 403)",jpeg
Data/Woman/face_191.jpg,1,"(272, 353)",jpeg
Data/Woman/face_180.jpg,1,"(207, 249)",jpeg
Data/Woman/face_1289.jpg,1,"(275, 350)",jpeg
Data/Man/face_144.jpg,0,"(147, 201)",jpeg
Data/Woman/face_895.jpg,1,"(151, 195)",jpeg
Data/Woman/face_434.jpg,1,"(274, 351)",jpeg
Data/Man/face_533.jpg,0,"(101, 134)",jpeg
Data/Woman/face_954.jpg,1,"(106, 143)",jpeg
Data/Man/face_536.jpg,0,"(123, 176)",jpeg
Data/Woman/face_652.jpg,1,"(58, 80)",jpeg
Data/Woman/face_1165.jpg,1,"(232, 313)",jpeg
Data/Woman/face_270.jpg,1,"(120, 159)",jpeg
Data/Woman/face_271.jpg,1,"(189, 263)",jpeg
Data/Man/face_1458.jpg,0,"(100, 150)",jpeg
Data/Woman/face_838.jpg,1,"(802, 1129)",jpeg
Data/Woman/face_506.jpg,1,"(406, 568)",jpeg
Data/Woman/face_1321.jpg,1,"(326, 409)",jpeg
Data/Man/face_49.jpg,0,"(192, 268)",jpeg
Data/Man/face_601.jpg,0,"(440, 632)",jpeg
Data/Woman/face_64.jpg,1,"(89, 114)",jpeg
Data/Woman/face_1064.jpg,1,"(378, 466)",jpeg
Data/Man/face_219.jpg,0,"(138, 183)",jpeg
Data/Man/face_176.jpg,0,"(269, 363)",jpeg
Data/Man/face_52.jpg,0,"(129, 172)",jpeg
Data/Man/face_1134.jpg,0,"(129, 166)",jpeg
Data/Man/face_234.jpg,0,"(186, 242)",jpeg
Data/Man/face_1181.jpg,0,"(151, 187)",jpeg
Data/Woman/face_957.jpg,1,"(172, 241)",jpeg
Data/Woman/face_256.jpg,1,"(262, 180)",jpeg
Data/Man/face_994.jpg,0,"(31, 44)",jpeg
Data/Woman/face_1364.jpg,1,"(147, 209)",jpeg
Data/Woman/face_1188.jpg,1,"(72, 86)",jpeg
Data/Woman/face_719.jpg,1,"(207, 270)",jpeg
Data/Man/face_935.jpg,0,"(219, 310)",jpeg
Data/Man/face_936.jpg,0,"(82, 121)",jpeg
Data/Man/face_1290.jpg,0,"(88, 117)",jpeg
Data/Woman/face_647.jpg,1,"(256, 352)",jpeg
Data/Woman/face_404.jpg,1,"(138, 163)",jpeg
Data/Woman/face_864.jpg,1,"(258, 308)",jpeg
Data/Woman/face_900.jpg,1,"(55, 82)",jpeg
Data/Man/face_641.jpg,0,"(206, 274)",jpeg
Data/Man/face_1278.jpg,0,"(190, 282)",jpeg
Data/Woman/face_1081.jpg,1,"(191, 272)",jpeg
Data/Man/face_316.jpg,0,"(258, 357)",jpeg
Data/Man/face_1477.jpg,0,"(175, 218)",jpeg
Data/Woman/face_680.jpg,1,"(72, 91)",jpeg
Data/Woman/face_402.jpg,1,"(130, 159)",jpeg
Data/Man/face_94.jpg,0,"(128, 174)",jpeg
Data/Woman/face_1082.jpg,1,"(253, 333)",jpeg
Data/Man/face_1400.jpg,0,"(250, 284)",jpeg
Data/Man/face_549.jpg,0,"(100, 142)",jpeg
Data/Woman/face_50.jpg,1,"(124, 155)",jpeg
Data/Man/face_506.jpg,0,"(283, 308)",jpeg
Data/Man/face_593.jpg,0,"(319, 437)",jpeg
Data/Woman/face_1276.jpg,1,"(246, 346)",jpeg
Data/Man/face_1508.jpg,0,"(337, 416)",jpeg
Data/Man/face_333.jpg,0,"(91, 127)",jpeg
Data/Woman/face_242.jpg,1,"(182, 238)",jpeg
Data/Man/face_719.jpg,0,"(583, 732)",jpeg
Data/Woman/face_588.jpg,1,"(150, 188)",jpeg
Data/Woman/face_323.jpg,1,"(74, 96)",jpeg
Data/Man/face_224.jpg,0,"(256, 352)",jpeg
Data/Man/face_607.jpg,0,"(255, 350)",jpeg
Data/Man/face_1088.jpg,0,"(352, 471)",jpeg
Data/Woman/face_96.jpg,1,"(213, 295)",jpeg
Data/Man/face_488.jpg,0,"(160, 221)",jpeg
Data/Man/face_1492.jpg,0,"(107, 135)",jpeg
Data/Man/face_1326.jpg,0,"(48, 62)",jpeg
Data/Woman/face_18.jpg,1,"(230, 328)",jpeg
Data/Man/face_1201.jpg,0,"(98, 128)",jpeg
Data/Woman/face_875.jpg,1,"(221, 265)",jpeg
Data/Man/face_64.jpg,0,"(607, 838)",jpeg
Data/Man/face_657.jpg,0,"(109, 147)",jpeg
Data/Woman/face_1088.jpg,1,"(43, 59)",jpeg
Data/Woman/face_1112.jpg,1,"(107, 149)",jpeg
Data/Man/face_1300.jpg,0,"(164, 207)",jpeg
Data/Woman/face_648.jpg,1,"(206, 274)",jpeg
Data/Woman/face_272.jpg,1,"(157, 220)",jpeg
Data/Woman/face_241.jpg,1,"(98, 130)",jpeg
Data/Man/face_1447.jpg,0,"(96, 130)",jpeg
Data/Woman/face_802.jpg,1,"(329, 441)",jpeg
Data/Woman/face_439.jpg,1,"(126, 158)",jpeg
Data/Woman/face_578.jpg,1,"(113, 185)",jpeg
Data/Man/face_96.jpg,0,"(141, 194)",jpeg
Data/Woman/face_645.jpg,1,"(257, 307)",jpeg
Data/Man/face_694.jpg,0,"(158, 217)",jpeg
Data/Woman/face_492.jpg,1,"(188, 232)",jpeg
Data/Woman/face_469.jpg,1,"(57, 91)",jpeg
Data/Man/face_1151.jpg,0,"(52, 77)",jpeg
Data/Man/face_1207.jpg,0,"(124, 153)",jpeg
Data/Man/face_441.jpg,0,"(212, 296)",jpeg
Data/Woman/face_728.jpg,1,"(143, 189)",jpeg
Data/Man/face_1086.jpg,0,"(100, 135)",jpeg
Data/Woman/face_454.jpg,1,"(649, 831)",jpeg
Data/Man/face_349.jpg,0,"(174, 214)",jpeg
Data/Man/face_63.jpg,0,"(137, 186)",jpeg
Data/Man/face_1495.jpg,0,"(121, 174)",jpeg
Data/Woman/face_745.jpg,1,"(127, 147)",jpeg
Data/Man/face_634.jpg,0,"(269, 400)",jpeg
Data/Man/face_115.jpg,0,"(154, 198)",jpeg
Data/Man/face_1427.jpg,0,"(113, 108)",jpeg
Data/Man/face_997.jpg,0,"(127, 175)",jpeg
Data/Woman/face_1225.jpg,1,"(55, 70)",jpeg
Data/Woman/face_456.jpg,1,"(289, 393)",jpeg
Data/Woman/face_1360.jpg,1,"(41, 52)",jpeg
Data/Man/face_431.jpg,0,"(156, 223)",jpeg
Data/Man/face_1217.jpg,0,"(56, 71)",jpeg
Data/Woman/face_521.jpg,1,"(138, 185)",jpeg
Data/Man/face_393.jpg,0,"(188, 276)",jpeg
Data/Woman/face_966.jpg,1,"(152, 188)",jpeg
Data/Man/face_618.jpg,0,"(248, 306)",jpeg
Data/Woman/face_542.jpg,1,"(347, 514)",jpeg
Data/Woman/face_940.jpg,1,"(102, 124)",jpeg
Data/Woman/face_654.jpg,1,"(147, 182)",jpeg
Data/Woman/face_216.jpg,1,"(474, 592)",jpeg
Data/Man/face_679.jpg,0,"(88, 127)",jpeg
Data/Woman/face_384.jpg,1,"(537, 811)",jpeg
Data/Man/face_1166.jpg,0,"(116, 166)",jpeg
Data/Woman/face_73.jpg,1,"(309, 436)",jpeg
Data/Man/face_1441.jpg,0,"(86, 109)",jpeg
Data/Woman/face_65.jpg,1,"(131, 170)",jpeg
Data/Man/face_1497.jpg,0,"(463, 659)",jpeg
Data/Woman/face_437.jpg,1,"(295, 326)",jpeg
Data/Man/face_929.jpg,0,"(253, 361)",jpeg
Data/Man/face_1476.jpg,0,"(95, 133)",jpeg
Data/Woman/face_1202.jpg,1,"(259, 343)",jpeg
Data/Man/face_1509.jpg,0,"(221, 282)",jpeg
Data/Man/face_117.jpg,0,"(215, 272)",jpeg
Data/Woman/face_872.jpg,1,"(303, 408)",jpeg
Data/Woman/face_814.jpg,1,"(98, 123)",jpeg
Data/Woman/face_1080.jpg,1,"(265, 348)",jpeg
Data/Man/face_372.jpg,0,"(407, 609)",jpeg
Data/Man/face_193.jpg,0,"(108, 149)",jpeg
Data/Man/face_747.jpg,0,"(286, 354)",jpeg
Data/Man/face_552.jpg,0,"(242, 315)",jpeg
Data/Man/face_1340.jpg,0,"(290, 385)",jpeg
Data/Man/face_1525.jpg,0,"(395, 524)",jpeg
Data/Man/face_1414.jpg,0,"(155, 219)",jpeg
Data/Man/face_1058.jpg,0,"(213, 302)",jpeg
Data/Man/face_114.jpg,0,"(234, 327)",jpeg
Data/Man/face_251.jpg,0,"(148, 208)",jpeg
Data/Woman/face_711.jpg,1,"(83, 110)",jpeg
Data/Woman/face_301.jpg,1,"(150, 216)",jpeg
Data/Woman/face_518.jpg,1,"(114, 163)",jpeg
Data/Man/face_335.jpg,0,"(175, 219)",jpeg
Data/Woman/face_754.jpg,1,"(163, 212)",jpeg
Data/Man/face_702.jpg,0,"(177, 272)",jpeg
Data/Woman/face_1255.jpg,1,"(81, 119)",jpeg
Data/Woman/face_387.jpg,1,"(173, 223)",jpeg
Data/Man/face_1219.jpg,0,"(183, 263)",jpeg
Data/Man/face_1101.jpg,0,"(126, 159)",jpeg
Data/Man/face_388.jpg,0,"(277, 403)",jpeg
Data/Woman/face_161.jpg,1,"(418, 595)",jpeg
Data/Man/face_1137.jpg,0,"(82, 123)",jpeg
Data/Woman/face_416.jpg,1,"(325, 425)",jpeg
Data/Man/face_1395.jpg,0,"(173, 207)",jpeg
Data/Woman/face_927.jpg,1,"(156, 197)",jpeg
Data/Man/face_292.jpg,0,"(122, 166)",jpeg
Data/Woman/face_1067.jpg,1,"(120, 137)",jpeg
Data/Man/face_124.jpg,0,"(166, 230)",jpeg
Data/Man/face_322.jpg,0,"(114, 162)",jpeg
Data/Woman/face_453.jpg,1,"(131, 181)",jpeg
Data/Woman/face_750.jpg,1,"(224, 356)",jpeg
Data/Woman/face_876.jpg,1,"(109, 145)",jpeg
Data/Woman/face_1163.jpg,1,"(123, 144)",jpeg
Data/Woman/face_717.jpg,1,"(136, 197)",jpeg
Data/Woman/face_327.jpg,1,"(232, 294)",jpeg
Data/Woman/face_564.jpg,1,"(411, 561)",jpeg
Data/Woman/face_720.jpg,1,"(113, 153)",jpeg
Data/Woman/face_448.jpg,1,"(208, 291)",jpeg
Data/Woman/face_1076.jpg,1,"(220, 263)",jpeg
Data/Woman/face_856.jpg,1,"(97, 118)",jpeg
Data/Man/face_751.jpg,0,"(78, 110)",jpeg
Data/Man/face_966.jpg,0,"(217, 304)",jpeg
Data/Woman/face_362.jpg,1,"(196, 286)",jpeg
Data/Woman/face_1124.jpg,1,"(299, 402)",jpeg
Data/Woman/face_309.jpg,1,"(168, 269)",jpeg
Data/Woman/face_197.jpg,1,"(173, 350)",jpeg
Data/Man/face_1247.jpg,0,"(169, 236)",jpeg
Data/Woman/face_934.jpg,1,"(104, 155)",jpeg
Data/Man/face_922.jpg,0,"(158, 203)",jpeg
Data/Woman/face_1226.jpg,1,"(314, 369)",jpeg
Data/Woman/face_276.jpg,1,"(191, 272)",jpeg
Data/Woman/face_1019.jpg,1,"(67, 99)",jpeg
Data/Man/face_765.jpg,0,"(407, 558)",jpeg
Data/Man/face_912.jpg,0,"(318, 458)",jpeg
Data/Man/face_721.jpg,0,"(362, 478)",jpeg
Data/Man/face_109.jpg,0,"(140, 204)",jpeg
Data/Man/face_1437.jpg,0,"(111, 152)",jpeg
Data/Woman/face_1121.jpg,1,"(96, 136)",jpeg
Data/Man/face_24.jpg,0,"(96, 140)",jpeg
Data/Man/face_79.jpg,0,"(44, 58)",jpeg
Data/Man/face_237.jpg,0,"(235, 323)",jpeg
Data/Woman/face_847.jpg,1,"(119, 146)",jpeg
Data/Man/face_89.jpg,0,"(119, 160)",jpeg
Data/Woman/face_715.jpg,1,"(184, 261)",jpeg
Data/Woman/face_264.jpg,1,"(51, 65)",jpeg
Data/Woman/face_762.jpg,1,"(148, 188)",jpeg
Data/Woman/face_308.jpg,1,"(129, 175)",jpeg
Data/Man/face_1428.jpg,0,"(189, 218)",jpeg
Data/Woman/face_756.jpg,1,"(50, 77)",jpeg
Data/Man/face_188.jpg,0,"(634, 738)",jpeg
Data/Woman/face_482.jpg,1,"(1238, 1589)",jpeg
Data/Woman/face_1006.jpg,1,"(172, 229)",jpeg
Data/Woman/face_67.jpg,1,"(260, 355)",jpeg
Data/Woman/face_614.jpg,1,"(194, 250)",jpeg
Data/Woman/face_1237.jpg,1,"(298, 356)",jpeg
Data/Woman/face_574.jpg,1,"(279, 324)",jpeg
Data/Woman/face_683.jpg,1,"(469, 692)",jpeg
Data/Man/face_596.jpg,0,"(108, 143)",jpeg
Data/Man/face_1232.jpg,0,"(152, 212)",jpeg
Data/Woman/face_194.jpg,1,"(162, 168)",jpeg
Data/Man/face_723.jpg,0,"(133, 201)",jpeg
Data/Woman/face_171.jpg,1,"(148, 189)",jpeg
Data/Man/face_1482.jpg,0,"(71, 98)",jpeg
Data/Man/face_1426.jpg,0,"(122, 143)",jpeg
Data/Woman/face_224.jpg,1,"(229, 314)",jpeg
Data/Man/face_338.jpg,0,"(156, 221)",jpeg
Data/Man/face_1169.jpg,0,"(257, 348)",jpeg
Data/Woman/face_69.jpg,1,"(158, 201)",jpeg
Data/Man/face_1294.jpg,0,"(99, 155)",jpeg
Data/Woman/face_1069.jpg,1,"(136, 169)",jpeg
Data/Woman/face_604.jpg,1,"(172, 226)",jpeg
Data/Man/face_1271.jpg,0,"(292, 371)",jpeg
Data/Man/face_1523.jpg,0,"(46, 64)",jpeg
Data/Man/face_1456.jpg,0,"(70, 94)",jpeg
Data/Woman/face_52.jpg,1,"(1492, 2192)",jpeg
Data/Man/face_391.jpg,0,"(232, 315)",jpeg
Data/Woman/face_1293.jpg,1,"(107, 139)",jpeg
Data/Man/face_126.jpg,0,"(194, 262)",jpeg
Data/Man/face_758.jpg,0,"(229, 314)",jpeg
Data/Woman/face_418.jpg,1,"(102, 175)",jpeg
Data/Man/face_249.jpg,0,"(144, 192)",jpeg
Data/Man/face_1449.jpg,0,"(243, 332)",jpeg
Data/Man/face_1293.jpg,0,"(34, 47)",jpeg
Data/Woman/face_687.jpg,1,"(167, 222)",jpeg
Data/Woman/face_484.jpg,1,"(187, 250)",jpeg
Data/Woman/face_972.jpg,1,"(94, 141)",jpeg
Data/Woman/face_1123.jpg,1,"(378, 438)",jpeg
Data/Man/face_267.jpg,0,"(180, 244)",jpeg
Data/Woman/face_873.jpg,1,"(174, 236)",jpeg
Data/Woman/face_669.jpg,1,"(106, 128)",jpeg
Data/Woman/face_514.jpg,1,"(203, 247)",jpeg
Data/Man/face_1124.jpg,0,"(434, 563)",jpeg
Data/Woman/face_811.jpg,1,"(113, 160)",jpeg
Data/Man/face_280.jpg,0,"(749, 971)",jpeg
Data/Man/face_1478.jpg,0,"(159, 226)",jpeg
Data/Woman/face_984.jpg,1,"(105, 135)",jpeg
Data/Man/face_1196.jpg,0,"(139, 172)",jpeg
Data/Man/face_317.jpg,0,"(270, 337)",jpeg
Data/Man/face_1026.jpg,0,"(124, 176)",jpeg
Data/Man/face_504.jpg,0,"(158, 222)",jpeg
Data/Woman/face_375.jpg,1,"(145, 206)",jpeg
Data/Man/face_1062.jpg,0,"(371, 442)",jpeg
Data/Man/face_256.jpg,0,"(128, 143)",jpeg
Data/Woman/face_1217.jpg,1,"(71, 107)",jpeg
Data/Man/face_348.jpg,0,"(202, 268)",jpeg
Data/Man/face_853.jpg,0,"(241, 353)",jpeg
Data/Man/face_455.jpg,0,"(237, 308)",jpeg
Data/Woman/face_938.jpg,1,"(135, 175)",jpeg
Data/Woman/face_175.jpg,1,"(961, 1097)",jpeg
Data/Man/face_988.jpg,0,"(211, 250)",jpeg
Data/Man/face_184.jpg,0,"(60, 74)",jpeg
Data/Man/face_1107.jpg,0,"(121, 154)",jpeg
Data/Man/face_1210.jpg,0,"(176, 208)",jpeg
Data/Man/face_1283.jpg,0,"(118, 152)",jpeg
Data/Woman/face_952.jpg,1,"(63, 71)",jpeg
Data/Man/face_181.jpg,0,"(158, 197)",jpeg
Data/Woman/face_1158.jpg,1,"(283, 352)",jpeg
Data/Woman/face_769.jpg,1,"(78, 122)",jpeg
Data/Woman/face_581.jpg,1,"(274, 358)",jpeg
Data/Man/face_1328.jpg,0,"(97, 129)",jpeg
Data/Woman/face_798.jpg,1,"(104, 142)",jpeg
Data/Man/face_711.jpg,0,"(225, 283)",jpeg
Data/Woman/face_151.jpg,1,"(25, 25)",jpeg
Data/Woman/face_195.jpg,1,"(160, 203)",jpeg
Data/Woman/face_557.jpg,1,"(218, 296)",jpeg
Data/Man/face_590.jpg,0,"(156, 221)",jpeg
Data/Man/face_999.jpg,0,"(167, 238)",jpeg
Data/Woman/face_920.jpg,1,"(83, 97)",jpeg
Data/Woman/face_496.jpg,1,"(164, 216)",jpeg
Data/Man/face_1431.jpg,0,"(64, 78)",jpeg
Data/Man/face_903.jpg,0,"(124, 185)",jpeg
Data/Man/face_45.jpg,0,"(197, 271)",jpeg
Data/Woman/face_71.jpg,1,"(46, 61)",jpeg
Data/Man/face_448.jpg,0,"(217, 290)",jpeg
Data/Man/face_414.jpg,0,"(284, 413)",jpeg
Data/Woman/face_1140.jpg,1,"(160, 207)",jpeg
Data/Woman/face_639.jpg,1,"(168, 201)",jpeg
Data/Man/face_1148.jpg,0,"(116, 146)",jpeg
Data/Man/face_1319.jpg,0,"(74, 97)",jpeg
Data/Woman/face_840.jpg,1,"(239, 287)",jpeg
Data/Woman/face_476.jpg,1,"(195, 292)",jpeg
Data/Man/face_1272.jpg,0,"(204, 276)",jpeg
Data/Woman/face_770.jpg,1,"(425, 549)",jpeg
Data/Woman/face_656.jpg,1,"(242, 296)",jpeg
Data/Woman/face_1148.jpg,1,"(127, 164)",jpeg
Data/Man/face_363.jpg,0,"(121, 132)",jpeg
Data/Woman/face_129.jpg,1,"(54, 80)",jpeg
Data/Man/face_1261.jpg,0,"(114, 158)",jpeg
Data/Man/face_1149.jpg,0,"(195, 255)",jpeg
Data/Woman/face_168.jpg,1,"(142, 190)",jpeg
Data/Man/face_76.jpg,0,"(53, 83)",jpeg
Data/Man/face_628.jpg,0,"(402, 533)",jpeg
Data/Woman/face_753.jpg,1,"(425, 598)",jpeg
Data/Man/face_179.jpg,0,"(1326, 1669)",jpeg
Data/Man/face_111.jpg,0,"(61, 91)",jpeg
Data/Woman/face_1108.jpg,1,"(123, 169)",jpeg
Data/Woman/face_610.jpg,1,"(100, 144)",jpeg
Data/Man/face_271.jpg,0,"(205, 279)",jpeg
Data/Woman/face_1134.jpg,1,"(127, 174)",jpeg
Data/Woman/face_1194.jpg,1,"(145, 207)",jpeg
Data/Man/face_7.jpg,0,"(123, 170)",jpeg
Data/Woman/face_9.jpg,1,"(334, 427)",jpeg
Data/Woman/face_948.jpg,1,"(35, 50)",jpeg
Data/Man/face_1186.jpg,0,"(371, 513)",jpeg
Data/Man/face_1341.jpg,0,"(92, 128)",jpeg
Data/Man/face_1095.jpg,0,"(89, 126)",jpeg
Data/Woman/face_1147.jpg,1,"(156, 211)",jpeg
Data/Man/face_92.jpg,0,"(67, 86)",jpeg
Data/Man/face_1396.jpg,0,"(61, 70)",jpeg
Data/Man/face_1030.jpg,0,"(90, 116)",jpeg
Data/Woman/face_577.jpg,1,"(193, 227)",jpeg
Data/Man/face_462.jpg,0,"(209, 276)",jpeg
Data/Man/face_128.jpg,0,"(186, 302)",jpeg
Data/Man/face_1376.jpg,0,"(162, 217)",jpeg
Data/Woman/face_1184.jpg,1,"(252, 330)",jpeg
Data/Woman/face_1075.jpg,1,"(108, 148)",jpeg
Data/Woman/face_823.jpg,1,"(182, 247)",jpeg
Data/Woman/face_833.jpg,1,"(156, 214)",jpeg
Data/Man/face_1012.jpg,0,"(870, 1167)",jpeg
Data/Man/face_454.jpg,0,"(188, 213)",jpeg
Data/Man/face_762.jpg,0,"(575, 729)",jpeg
Data/Woman/face_794.jpg,1,"(213, 290)",jpeg
Data/Man/face_572.jpg,0,"(269, 397)",jpeg
Data/Man/face_11.jpg,0,"(120, 158)",jpeg
Data/Man/face_938.jpg,0,"(56, 79)",jpeg
Data/Man/face_6.jpg,0,"(50, 83)",jpeg
Data/Man/face_182.jpg,0,"(35, 61)",jpeg
Data/Man/face_1152.jpg,0,"(147, 210)",jpeg
Data/Woman/face_1033.jpg,1,"(215, 274)",jpeg
Data/Woman/face_1317.jpg,1,"(75, 86)",jpeg
Data/Woman/face_591.jpg,1,"(63, 79)",jpeg
Data/Woman/face_1236.jpg,1,"(89, 113)",jpeg
Data/Woman/face_768.jpg,1,"(229, 290)",jpeg
Data/Man/face_1020.jpg,0,"(283, 406)",jpeg
Data/Man/face_578.jpg,0,"(545, 677)",jpeg
Data/Woman/face_513.jpg,1,"(210, 318)",jpeg
Data/Woman/face_981.jpg,1,"(216, 272)",jpeg
Data/Man/face_167.jpg,0,"(325, 460)",jpeg
Data/Woman/face_831.jpg,1,"(107, 137)",jpeg
Data/Woman/face_943.jpg,1,"(118, 164)",jpeg
Data/Woman/face_805.jpg,1,"(71, 102)",jpeg
Data/Man/face_177.jpg,0,"(44, 61)",jpeg
Data/Man/face_396.jpg,0,"(926, 1086)",jpeg
Data/Man/face_1156.jpg,0,"(146, 165)",jpeg
Data/Woman/face_1230.jpg,1,"(87, 141)",jpeg
Data/Woman/face_1311.jpg,1,"(96, 133)",jpeg
Data/Man/face_843.jpg,0,"(153, 211)",jpeg
Data/Man/face_469.jpg,0,"(405, 543)",jpeg
Data/Man/face_1141.jpg,0,"(268, 370)",jpeg
Data/Man/face_1453.jpg,0,"(120, 153)",jpeg
Data/Man/face_569.jpg,0,"(226, 286)",jpeg
Data/Man/face_466.jpg,0,"(91, 130)",jpeg
Data/Man/face_66.jpg,0,"(66, 85)",jpeg
Data/Woman/face_81.jpg,1,"(266, 389)",jpeg
Data/Man/face_985.jpg,0,"(520, 720)",jpeg
Data/Woman/face_1282.jpg,1,"(524, 662)",jpeg
Data/Man/face_136.jpg,0,"(358, 506)",jpeg
Data/Man/face_888.jpg,0,"(110, 149)",jpeg
Data/Woman/face_286.jpg,1,"(210, 281)",jpeg
Data/Woman/face_962.jpg,1,"(74, 95)",jpeg
Data/Man/face_672.jpg,0,"(429, 648)",jpeg
Data/Man/face_40.jpg,0,"(76, 96)",jpeg
Data/Man/face_951.jpg,0,"(358, 565)",jpeg
Data/Woman/face_265.jpg,1,"(88, 110)",jpeg
Data/Woman/face_877.jpg,1,"(231, 272)",jpeg
Data/Man/face_189.jpg,0,"(357, 447)",jpeg
Data/Man/face_865.jpg,0,"(120, 169)",jpeg
Data/Woman/face_20.jpg,1,"(141, 183)",jpeg
Data/Woman/face_417.jpg,1,"(143, 208)",jpeg
Data/Man/face_1527.jpg,0,"(94, 134)",jpeg
Data/Man/face_285.jpg,0,"(54, 89)",jpeg
Data/Man/face_905.jpg,0,"(67, 81)",jpeg
Data/Man/face_756.jpg,0,"(591, 757)",jpeg
Data/Woman/face_523.jpg,1,"(433, 578)",jpeg
Data/Man/face_28.jpg,0,"(61, 86)",jpeg
Data/Woman/face_903.jpg,1,"(177, 243)",jpeg
Data/Woman/face_290.jpg,1,"(450, 584)",jpeg
Data/Man/face_1178.jpg,0,"(495, 579)",jpeg
Data/Man/face_1366.jpg,0,"(86, 133)",jpeg
Data/Woman/face_312.jpg,1,"(83, 110)",jpeg
Data/Man/face_127.jpg,0,"(194, 255)",jpeg
Data/Woman/face_86.jpg,1,"(523, 831)",jpeg
Data/Man/face_228.jpg,0,"(162, 207)",jpeg
Data/Woman/face_780.jpg,1,"(137, 214)",jpeg
Data/Woman/face_819.jpg,1,"(89, 118)",jpeg
Data/Woman/face_406.jpg,1,"(221, 297)",jpeg
Data/Woman/face_1274.jpg,1,"(116, 142)",jpeg
Data/Man/face_1448.jpg,0,"(149, 204)",jpeg
Data/Woman/face_1216.jpg,1,"(58, 75)",jpeg
Data/Woman/face_761.jpg,1,"(141, 194)",jpeg
Data/Man/face_989.jpg,0,"(157, 224)",jpeg
Data/Man/face_1238.jpg,0,"(136, 174)",jpeg
Data/Man/face_1473.jpg,0,"(136, 182)",jpeg
Data/Woman/face_1190.jpg,1,"(149, 185)",jpeg
Data/Man/face_1317.jpg,0,"(152, 202)",jpeg
Data/Woman/face_462.jpg,1,"(129, 240)",jpeg
Data/Woman/face_999.jpg,1,"(179, 241)",jpeg
Data/Woman/face_229.jpg,1,"(129, 183)",jpeg
Data/Man/face_142.jpg,0,"(55, 78)",jpeg
Data/Man/face_60.jpg,0,"(86, 125)",jpeg
Data/Woman/face_304.jpg,1,"(105, 132)",jpeg
Data/Woman/face_165.jpg,1,"(322, 401)",jpeg
Data/Man/face_465.jpg,0,"(287, 394)",jpeg
Data/Man/face_1474.jpg,0,"(176, 245)",jpeg
Data/Man/face_1083.jpg,0,"(136, 189)",jpeg
Data/Man/face_1034.jpg,0,"(114, 154)",jpeg
Data/Man/face_205.jpg,0,"(137, 176)",jpeg
Data/Woman/face_942.jpg,1,"(69, 99)",jpeg
Data/Woman/face_852.jpg,1,"(251, 361)",jpeg
Data/Man/face_129.jpg,0,"(416, 513)",jpeg
Data/Man/face_523.jpg,0,"(576, 807)",jpeg
Data/Woman/face_154.jpg,1,"(161, 263)",jpeg
Data/Man/face_44.jpg,0,"(135, 181)",jpeg
Data/Woman/face_633.jpg,1,"(368, 500)",jpeg
Data/Woman/face_1063.jpg,1,"(33, 46)",jpeg
Data/Man/face_916.jpg,0,"(155, 218)",jpeg
Data/Man/face_1081.jpg,0,"(211, 291)",jpeg
Data/Man/face_1099.jpg,0,"(127, 171)",jpeg
Data/Woman/face_495.jpg,1,"(120, 158)",jpeg
Data/Man/face_654.jpg,0,"(126, 177)",jpeg
Data/Man/face_769.jpg,0,"(111, 156)",jpeg
Data/Woman/face_808.jpg,1,"(411, 526)",jpeg
Data/Woman/face_477.jpg,1,"(187, 231)",jpeg
Data/Woman/face_80.jpg,1,"(107, 150)",jpeg
Data/Woman/face_785.jpg,1,"(90, 124)",jpeg
Data/Woman/face_333.jpg,1,"(97, 139)",jpeg
Data/Woman/face_145.jpg,1,"(176, 229)",jpeg
Data/Man/face_546.jpg,0,"(128, 175)",jpeg
Data/Man/face_554.jpg,0,"(166, 242)",jpeg
Data/Man/face_1234.jpg,0,"(101, 134)",jpeg
Data/Woman/face_1118.jpg,1,"(332, 456)",jpeg
Data/Woman/face_709.jpg,1,"(360, 508)",jpeg
Data/Woman/face_1254.jpg,1,"(302, 429)",jpeg
Data/Man/face_1452.jpg,0,"(222, 284)",jpeg
Data/Man/face_1022.jpg,0,"(128, 154)",jpeg
Data/Woman/face_112.jpg,1,"(157, 209)",jpeg
Data/Woman/face_575.jpg,1,"(206, 272)",jpeg
Data/Man/face_538.jpg,0,"(305, 398)",jpeg
Data/Man/face_625.jpg,0,"(112, 162)",jpeg
Data/Man/face_1465.jpg,0,"(321, 438)",jpeg
Data/Woman/face_233.jpg,1,"(194, 226)",jpeg
Data/Woman/face_225.jpg,1,"(444, 587)",jpeg
Data/Woman/face_54.jpg,1,"(204, 264)",jpeg
Data/Woman/face_597.jpg,1,"(683, 822)",jpeg
Data/Woman/face_499.jpg,1,"(131, 176)",jpeg
Data/Man/face_1442.jpg,0,"(131, 173)",jpeg
Data/Man/face_890.jpg,0,"(109, 135)",jpeg
Data/Man/face_731.jpg,0,"(285, 428)",jpeg
Data/Woman/face_234.jpg,1,"(114, 179)",jpeg
Data/Man/face_1364.jpg,0,"(101, 142)",jpeg
Data/Woman/face_472.jpg,1,"(134, 162)",jpeg
Data/Man/face_138.jpg,0,"(158, 219)",jpeg
Data/Man/face_1511.jpg,0,"(492, 621)",jpeg
Data/Man/face_805.jpg,0,"(343, 327)",jpeg
Data/Woman/face_726.jpg,1,"(204, 240)",jpeg
Data/Woman/face_1.jpg,1,"(171, 220)",jpeg
Data/Man/face_354.jpg,0,"(354, 455)",jpeg
Data/Man/face_264.jpg,0,"(631, 685)",jpeg
Data/Man/face_734.jpg,0,"(294, 263)",jpeg
Data/Man/face_34.jpg,0,"(234, 330)",jpeg
Data/Woman/face_1242.jpg,1,"(120, 161)",jpeg
Data/Man/face_445.jpg,0,"(522, 666)",jpeg
Data/Woman/face_732.jpg,1,"(293, 368)",jpeg
Data/Woman/face_828.jpg,1,"(99, 121)",jpeg
Data/Woman/face_592.jpg,1,"(165, 221)",jpeg
Data/Man/face_685.jpg,0,"(175, 221)",jpeg
Data/Man/face_1212.jpg,0,"(220, 302)",jpeg
Data/Man/face_272.jpg,0,"(175, 211)",jpeg
Data/Man/face_1307.jpg,0,"(169, 210)",jpeg
Data/Man/face_33.jpg,0,"(165, 230)",jpeg
Data/Man/face_520.jpg,0,"(209, 291)",jpeg
Data/Woman/face_951.jpg,1,"(69, 90)",jpeg
Data/Man/face_172.jpg,0,"(98, 131)",jpeg
Data/Man/face_68.jpg,0,"(2269, 3068)",jpeg
Data/Woman/face_491.jpg,1,"(159, 196)",jpeg
Data/Man/face_1383.jpg,0,"(90, 129)",jpeg
Data/Woman/face_0.jpg,1,"(597, 787)",jpeg
Data/Woman/face_980.jpg,1,"(43, 59)",jpeg
Data/Woman/face_226.jpg,1,"(160, 196)",jpeg
Data/Woman/face_1049.jpg,1,"(157, 186)",jpeg
Data/Man/face_1380.jpg,0,"(123, 156)",jpeg
Data/Man/face_350.jpg,0,"(120, 178)",jpeg
Data/Man/face_39.jpg,0,"(255, 359)",jpeg
Data/Man/face_518.jpg,0,"(75, 102)",jpeg
Data/Man/face_639.jpg,0,"(149, 215)",jpeg
Data/Man/face_269.jpg,0,"(151, 215)",jpeg
Data/Woman/face_98.jpg,1,"(212, 301)",jpeg
Data/Woman/face_360.jpg,1,"(204, 266)",jpeg
Data/Woman/face_1072.jpg,1,"(254, 319)",jpeg
Data/Woman/face_1218.jpg,1,"(185, 237)",jpeg
Data/Man/face_435.jpg,0,"(235, 292)",jpeg
Data/Man/face_300.jpg,0,"(109, 147)",jpeg
Data/Man/face_760.jpg,0,"(231, 269)",jpeg
Data/Woman/face_1046.jpg,1,"(94, 141)",jpeg
Data/Man/face_1189.jpg,0,"(143, 197)",jpeg
Data/Man/face_1110.jpg,0,"(108, 152)",jpeg
Data/Woman/face_283.jpg,1,"(235, 301)",jpeg
Data/Man/face_1349.jpg,0,"(250, 359)",jpeg
Data/Man/face_103.jpg,0,"(113, 147)",jpeg
Data/Man/face_1006.jpg,0,"(91, 126)",jpeg
Data/Woman/face_806.jpg,1,"(274, 370)",jpeg
Data/Woman/face_681.jpg,1,"(111, 147)",jpeg
Data/Woman/face_202.jpg,1,"(274, 340)",jpeg
Data/Woman/face_736.jpg,1,"(79, 91)",jpeg
Data/Man/face_1375.jpg,0,"(166, 232)",jpeg
Data/Man/face_486.jpg,0,"(134, 230)",jpeg
Data/Woman/face_797.jpg,1,"(338, 338)",jpeg
Data/Man/face_29.jpg,0,"(159, 221)",jpeg
Data/Man/face_41.jpg,0,"(233, 320)",jpeg
Data/Woman/face_958.jpg,1,"(98, 110)",jpeg
Data/Woman/face_490.jpg,1,"(109, 147)",jpeg
Data/Woman/face_1369.jpg,1,"(97, 133)",jpeg
Data/Woman/face_255.jpg,1,"(435, 512)",jpeg
Data/Man/face_1045.jpg,0,"(196, 275)",jpeg
Data/Man/face_299.jpg,0,"(145, 199)",jpeg
Data/Man/face_1249.jpg,0,"(156, 209)",jpeg
Data/Woman/face_353.jpg,1,"(179, 238)",jpeg
Data/Man/face_875.jpg,0,"(107, 163)",jpeg
Data/Man/face_819.jpg,0,"(201, 251)",jpeg
Data/Woman/face_199.jpg,1,"(225, 317)",jpeg
Data/Man/face_1019.jpg,0,"(121, 203)",jpeg
Data/Man/face_23.jpg,0,"(92, 130)",jpeg
Data/Woman/face_433.jpg,1,"(148, 205)",jpeg
Data/Woman/face_1068.jpg,1,"(169, 229)",jpeg
Data/Man/face_1056.jpg,0,"(240, 299)",jpeg
Data/Man/face_3.jpg,0,"(140, 201)",jpeg
Data/Woman/face_1051.jpg,1,"(190, 197)",jpeg
Data/Man/face_1242.jpg,0,"(181, 257)",jpeg
Data/Man/face_1082.jpg,0,"(193, 272)",jpeg
Data/Man/face_689.jpg,0,"(505, 640)",jpeg
Data/Man/face_1061.jpg,0,"(114, 160)",jpeg
Data/Woman/face_244.jpg,1,"(218, 282)",jpeg
Data/Woman/face_1154.jpg,1,"(400, 522)",jpeg
Data/Woman/face_979.jpg,1,"(138, 172)",jpeg
Data/Woman/face_373.jpg,1,"(180, 219)",jpeg
Data/Woman/face_220.jpg,1,"(266, 420)",jpeg
Data/Woman/face_998.jpg,1,"(535, 686)",jpeg
Data/Woman/face_193.jpg,1,"(134, 199)",jpeg
Data/Woman/face_842.jpg,1,"(111, 158)",jpeg
Data/Man/face_680.jpg,0,"(450, 615)",jpeg
Data/Woman/face_1320.jpg,1,"(45, 57)",jpeg
Data/Woman/face_530.jpg,1,"(172, 179)",jpeg
Data/Woman/face_707.jpg,1,"(163, 235)",jpeg
Data/Woman/face_426.jpg,1,"(305, 326)",jpeg
Data/Man/face_248.jpg,0,"(363, 521)",jpeg
Data/Man/face_954.jpg,0,"(36, 50)",jpeg
Data/Man/face_1411.jpg,0,"(106, 121)",jpeg
Data/Man/face_939.jpg,0,"(50, 76)",jpeg
Data/Woman/face_587.jpg,1,"(238, 291)",jpeg
Data/Man/face_559.jpg,0,"(134, 199)",jpeg
Data/Man/face_131.jpg,0,"(256, 332)",jpeg
Data/Man/face_139.jpg,0,"(91, 122)",jpeg
Data/Woman/face_746.jpg,1,"(64, 91)",jpeg
Data/Man/face_452.jpg,0,"(222, 276)",jpeg
Data/Man/face_336.jpg,0,"(172, 220)",jpeg
Data/Woman/face_1346.jpg,1,"(154, 190)",jpeg
Data/Man/face_514.jpg,0,"(244, 310)",jpeg
Data/Man/face_223.jpg,0,"(343, 421)",jpeg
Data/Man/face_346.jpg,0,"(90, 120)",jpeg
Data/Woman/face_430.jpg,1,"(100, 130)",jpeg
Data/Man/face_519.jpg,0,"(208, 308)",jpeg
Data/Woman/face_1047.jpg,1,"(122, 154)",jpeg
Data/Woman/face_1094.jpg,1,"(150, 185)",jpeg
Data/Man/face_153.jpg,0,"(148, 193)",jpeg
Data/Man/face_71.jpg,0,"(157, 237)",jpeg
Data/Woman/face_1055.jpg,1,"(131, 199)",jpeg
Data/Man/face_54.jpg,0,"(268, 394)",jpeg
Data/Man/face_290.jpg,0,"(213, 268)",jpeg
Data/Woman/face_1201.jpg,1,"(137, 178)",jpeg
Data/Man/face_1206.jpg,0,"(98, 136)",jpeg
Data/Woman/face_628.jpg,1,"(350, 475)",jpeg
Data/Man/face_432.jpg,0,"(218, 323)",jpeg
Data/Woman/face_486.jpg,1,"(167, 251)",jpeg
Data/Woman/face_1323.jpg,1,"(212, 288)",jpeg
Data/Man/face_1522.jpg,0,"(179, 230)",jpeg
Data/Woman/face_485.jpg,1,"(207, 247)",jpeg
Data/Man/face_570.jpg,0,"(171, 220)",jpeg
Data/Man/face_1139.jpg,0,"(166, 231)",jpeg
Data/Man/face_1388.jpg,0,"(235, 313)",jpeg
Data/Woman/face_695.jpg,1,"(192, 235)",jpeg
Data/Man/face_67.jpg,0,"(113, 159)",jpeg
Data/Man/face_978.jpg,0,"(145, 210)",jpeg
Data/Woman/face_350.jpg,1,"(129, 189)",jpeg
Data/Man/face_106.jpg,0,"(123, 175)",jpeg
Data/Man/face_1402.jpg,0,"(160, 207)",jpeg
Data/Man/face_1312.jpg,0,"(271, 366)",jpeg
Data/Man/face_57.jpg,0,"(113, 176)",jpeg
Data/Man/face_1255.jpg,0,"(246, 324)",jpeg
Data/Man/face_953.jpg,0,"(62, 89)",jpeg
Data/Woman/face_644.jpg,1,"(179, 223)",jpeg
Data/Woman/face_865.jpg,1,"(126, 159)",jpeg
Data/Man/face_157.jpg,0,"(24, 38)",jpeg
Data/Woman/face_664.jpg,1,"(245, 315)",jpeg
Data/Man/face_653.jpg,0,"(59, 70)",jpeg
Data/Woman/face_956.jpg,1,"(74, 98)",jpeg
Data/Woman/face_987.jpg,1,"(403, 522)",jpeg
Data/Man/face_229.jpg,0,"(94, 124)",jpeg
Data/Man/face_444.jpg,0,"(191, 262)",jpeg
Data/Woman/face_605.jpg,1,"(400, 548)",jpeg
Data/Woman/face_1120.jpg,1,"(128, 160)",jpeg
Data/Woman/face_25.jpg,1,"(250, 359)",jpeg
Data/Woman/face_714.jpg,1,"(188, 244)",jpeg
Data/Man/face_170.jpg,0,"(441, 577)",jpeg
Data/Woman/face_218.jpg,1,"(251, 324)",jpeg
Data/Woman/face_786.jpg,1,"(141, 174)",jpeg
Data/Man/face_763.jpg,0,"(188, 255)",jpeg
Data/Woman/face_1210.jpg,1,"(309, 404)",jpeg
Data/Man/face_286.jpg,0,"(96, 142)",jpeg
Data/Woman/face_33.jpg,1,"(75, 95)",jpeg
Data/Man/face_1184.jpg,0,"(129, 148)",jpeg
Data/Man/face_580.jpg,0,"(132, 166)",jpeg
Data/Man/face_620.jpg,0,"(433, 583)",jpeg
Data/Woman/face_118.jpg,1,"(207, 237)",jpeg
Data/Woman/face_367.jpg,1,"(112, 144)",jpeg
Data/Man/face_1502.jpg,0,"(217, 280)",jpeg
Data/Woman/face_1028.jpg,1,"(292, 362)",jpeg
Data/Man/face_787.jpg,0,"(129, 160)",jpeg
Data/Man/face_923.jpg,0,"(166, 244)",jpeg
Data/Man/face_873.jpg,0,"(235, 273)",jpeg
Data/Man/face_356.jpg,0,"(69, 92)",jpeg
Data/Woman/face_638.jpg,1,"(220, 287)",jpeg
Data/Man/face_1248.jpg,0,"(152, 195)",jpeg
Data/Woman/face_704.jpg,1,"(110, 141)",jpeg
Data/Man/face_834.jpg,0,"(233, 329)",jpeg
Data/Man/face_1324.jpg,0,"(175, 214)",jpeg
Data/Woman/face_1001.jpg,1,"(67, 86)",jpeg
Data/Man/face_952.jpg,0,"(136, 175)",jpeg
Data/Woman/face_219.jpg,1,"(173, 198)",jpeg
Data/Man/face_361.jpg,0,"(289, 315)",jpeg
Data/Woman/face_149.jpg,1,"(126, 162)",jpeg
Data/Woman/face_336.jpg,1,"(125, 180)",jpeg
Data/Woman/face_1127.jpg,1,"(143, 178)",jpeg
Data/Woman/face_1243.jpg,1,"(65, 78)",jpeg
Data/Woman/face_181.jpg,1,"(267, 387)",jpeg
Data/Woman/face_253.jpg,1,"(127, 180)",jpeg
Data/Man/face_768.jpg,0,"(372, 437)",jpeg
Data/Man/face_230.jpg,0,"(236, 307)",jpeg
Data/Man/face_482.jpg,0,"(676, 891)",jpeg
Data/Woman/face_735.jpg,1,"(435, 526)",jpeg
Data/Woman/face_95.jpg,1,"(182, 225)",jpeg
Data/Woman/face_674.jpg,1,"(269, 345)",jpeg
Data/Woman/face_1092.jpg,1,"(158, 204)",jpeg
Data/Woman/face_28.jpg,1,"(1101, 1456)",jpeg
Data/Man/face_749.jpg,0,"(142, 155)",jpeg
Data/Man/face_1175.jpg,0,"(149, 208)",jpeg
Data/Woman/face_470.jpg,1,"(102, 149)",jpeg
Data/Woman/face_1341.jpg,1,"(76, 96)",jpeg
Data/Woman/face_209.jpg,1,"(184, 241)",jpeg
Data/Woman/face_989.jpg,1,"(140, 188)",jpeg
Data/Man/face_700.jpg,0,"(172, 198)",jpeg
Data/Man/face_1164.jpg,0,"(91, 120)",jpeg
Data/Woman/face_1156.jpg,1,"(126, 151)",jpeg
Data/Man/face_1046.jpg,0,"(145, 194)",jpeg
Data/Woman/face_128.jpg,1,"(772, 898)",jpeg
Data/Man/face_703.jpg,0,"(265, 354)",jpeg
Data/Woman/face_1020.jpg,1,"(309, 392)",jpeg
Data/Man/face_480.jpg,0,"(132, 177)",jpeg
Data/Woman/face_1115.jpg,1,"(141, 192)",jpeg
Data/Man/face_810.jpg,0,"(103, 137)",jpeg
Data/Man/face_113.jpg,0,"(474, 578)",jpeg
Data/Man/face_451.jpg,0,"(241, 297)",jpeg
Data/Woman/face_543.jpg,1,"(210, 304)",jpeg
Data/Man/face_77.jpg,0,"(72, 99)",jpeg
Data/Man/face_1501.jpg,0,"(55, 76)",jpeg
Data/Woman/face_968.jpg,1,"(386, 466)",jpeg
Data/Man/face_345.jpg,0,"(80, 111)",jpeg
Data/Woman/face_1042.jpg,1,"(190, 238)",jpeg
Data/Man/face_403.jpg,0,"(137, 169)",jpeg
Data/Man/face_1462.jpg,0,"(90, 113)",jpeg
Data/Woman/face_922.jpg,1,"(51, 71)",jpeg
Data/Man/face_707.jpg,0,"(88, 125)",jpeg
Data/Man/face_61.jpg,0,"(192, 229)",jpeg
Data/Woman/face_559.jpg,1,"(262, 297)",jpeg
Data/Woman/face_1141.jpg,1,"(185, 248)",jpeg
Data/Man/face_148.jpg,0,"(93, 126)",jpeg
Data/Woman/face_914.jpg,1,"(210, 272)",jpeg
Data/Woman/face_12.jpg,1,"(163, 220)",jpeg
Data/Woman/face_410.jpg,1,"(220, 298)",jpeg
Data/Man/face_674.jpg,0,"(117, 162)",jpeg
Data/Man/face_501.jpg,0,"(94, 137)",jpeg
Data/Man/face_107.jpg,0,"(140, 198)",jpeg
Data/Man/face_352.jpg,0,"(138, 199)",jpeg
Data/Man/face_494.jpg,0,"(565, 703)",jpeg
Data/Man/face_104.jpg,0,"(103, 136)",jpeg
Data/Woman/face_163.jpg,1,"(1021, 1457)",jpeg
Data/Woman/face_1379.jpg,1,"(147, 171)",jpeg
Data/Woman/face_231.jpg,1,"(237, 341)",jpeg
Data/Woman/face_310.jpg,1,"(193, 272)",jpeg
Data/Man/face_603.jpg,0,"(290, 384)",jpeg
Data/Man/face_186.jpg,0,"(145, 226)",jpeg
Data/Woman/face_351.jpg,1,"(64, 81)",jpeg
Data/Woman/face_1220.jpg,1,"(214, 290)",jpeg
Data/Man/face_1048.jpg,0,"(128, 178)",jpeg
Data/Man/face_515.jpg,0,"(178, 231)",jpeg
Data/Man/face_273.jpg,0,"(39, 58)",jpeg
Data/Man/face_12.jpg,0,"(660, 898)",jpeg
Data/Woman/face_1205.jpg,1,"(292, 378)",jpeg
Data/Woman/face_881.jpg,1,"(96, 129)",jpeg
Data/Woman/face_1178.jpg,1,"(81, 152)",jpeg
Data/Man/face_1218.jpg,0,"(158, 185)",jpeg
Data/Woman/face_585.jpg,1,"(142, 171)",jpeg
Data/Man/face_423.jpg,0,"(276, 391)",jpeg
Data/Woman/face_658.jpg,1,"(113, 147)",jpeg
Data/Woman/face_87.jpg,1,"(142, 195)",jpeg
Data/Woman/face_431.jpg,1,"(271, 385)",jpeg
Data/Man/face_437.jpg,0,"(266, 357)",jpeg
Data/Man/face_1243.jpg,0,"(170, 205)",jpeg
Data/Man/face_1329.jpg,0,"(190, 273)",jpeg
Data/Woman/face_1239.jpg,1,"(176, 252)",jpeg
Data/Man/face_91.jpg,0,"(101, 129)",jpeg
Data/Man/face_284.jpg,0,"(55, 76)",jpeg
Data/Man/face_1093.jpg,0,"(80, 104)",jpeg
Data/Woman/face_1199.jpg,1,"(216, 269)",jpeg
Data/Man/face_1038.jpg,0,"(332, 498)",jpeg
Data/Man/face_1279.jpg,0,"(150, 180)",jpeg
Data/Woman/face_1037.jpg,1,"(128, 181)",jpeg
Data/Man/face_811.jpg,0,"(93, 134)",jpeg
Data/Man/face_243.jpg,0,"(83, 130)",jpeg
Data/Woman/face_961.jpg,1,"(73, 94)",jpeg
Data/Woman/face_465.jpg,1,"(124, 133)",jpeg
Data/Woman/face_529.jpg,1,"(366, 451)",jpeg
Data/Man/face_1092.jpg,0,"(208, 263)",jpeg
Data/Woman/face_68.jpg,1,"(150, 202)",jpeg
Data/Woman/face_766.jpg,1,"(434, 561)",jpeg
Data/Man/face_1403.jpg,0,"(75, 100)",jpeg
Data/Woman/face_1060.jpg,1,"(166, 218)",jpeg
Data/Woman/face_1318.jpg,1,"(433, 555)",jpeg
Data/Woman/face_631.jpg,1,"(210, 282)",jpeg
Data/Man/face_541.jpg,0,"(151, 219)",jpeg
Data/Woman/face_863.jpg,1,"(208, 276)",jpeg
Data/Man/face_1170.jpg,0,"(125, 186)",jpeg
Data/Man/face_1480.jpg,0,"(107, 151)",jpeg
Data/Woman/face_189.jpg,1,"(259, 339)",jpeg
Data/Man/face_1233.jpg,0,"(102, 126)",jpeg
Data/Woman/face_423.jpg,1,"(235, 335)",jpeg
Data/Woman/face_1089.jpg,1,"(193, 247)",jpeg
Data/Man/face_1282.jpg,0,"(158, 212)",jpeg
Data/Man/face_644.jpg,0,"(231, 306)",jpeg
Data/Man/face_119.jpg,0,"(160, 193)",jpeg
Data/Man/face_31.jpg,0,"(149, 220)",jpeg
Data/Man/face_528.jpg,0,"(661, 954)",jpeg
Data/Woman/face_755.jpg,1,"(105, 145)",jpeg
Data/Woman/face_452.jpg,1,"(154, 202)",jpeg
Data/Woman/face_345.jpg,1,"(256, 348)",jpeg
Data/Woman/face_600.jpg,1,"(163, 226)",jpeg
Data/Woman/face_1182.jpg,1,"(109, 142)",jpeg
Data/Woman/face_133.jpg,1,"(303, 404)",jpeg
Data/Man/face_125.jpg,0,"(256, 390)",jpeg
Data/Woman/face_188.jpg,1,"(192, 240)",jpeg
Data/Woman/face_132.jpg,1,"(373, 529)",jpeg
Data/Man/face_1257.jpg,0,"(97, 159)",jpeg
Data/Woman/face_247.jpg,1,"(97, 134)",jpeg
Data/Woman/face_1342.jpg,1,"(87, 112)",jpeg
Data/Man/face_120.jpg,0,"(260, 340)",jpeg
Data/Man/face_1276.jpg,0,"(248, 312)",jpeg
Data/Man/face_152.jpg,0,"(102, 142)",jpeg
Data/Woman/face_254.jpg,1,"(763, 1049)",jpeg
Data/Woman/face_274.jpg,1,"(117, 147)",jpeg
Data/Woman/face_509.jpg,1,"(203, 286)",jpeg
Data/Man/face_547.jpg,0,"(187, 211)",jpeg
Data/Woman/face_1022.jpg,1,"(80, 108)",jpeg
Data/Woman/face_458.jpg,1,"(79, 101)",jpeg
Data/Man/face_1147.jpg,0,"(304, 420)",jpeg
Data/Woman/face_248.jpg,1,"(189, 240)",jpeg
Data/Woman/face_48.jpg,1,"(520, 724)",jpeg
Data/Man/face_562.jpg,0,"(392, 549)",jpeg
Data/Man/face_773.jpg,0,"(288, 360)",jpeg
Data/Woman/face_451.jpg,1,"(72, 98)",jpeg
Data/Woman/face_973.jpg,1,"(115, 149)",jpeg
Data/Man/face_260.jpg,0,"(131, 180)",jpeg
Data/Woman/face_1189.jpg,1,"(284, 381)",jpeg
Data/Man/face_1123.jpg,0,"(290, 384)",jpeg
Data/Man/face_1274.jpg,0,"(150, 187)",jpeg
Data/Man/face_582.jpg,0,"(180, 260)",jpeg
Data/Woman/face_781.jpg,1,"(189, 243)",jpeg
Data/Woman/face_1160.jpg,1,"(147, 188)",jpeg
Data/Woman/face_1142.jpg,1,"(81, 106)",jpeg
Data/Woman/face_1249.jpg,1,"(156, 194)",jpeg
Data/Woman/face_1040.jpg,1,"(46, 61)",jpeg
Data/Woman/face_260.jpg,1,"(332, 426)",jpeg
Data/Woman/face_887.jpg,1,"(154, 225)",jpeg
Data/Man/face_1222.jpg,0,"(500, 686)",jpeg
Data/Man/face_524.jpg,0,"(114, 160)",jpeg
Data/Man/face_165.jpg,0,"(278, 364)",jpeg
Data/Man/face_534.jpg,0,"(295, 403)",jpeg
Data/Woman/face_329.jpg,1,"(176, 232)",jpeg
Data/Woman/face_721.jpg,1,"(110, 142)",jpeg
Data/Woman/face_935.jpg,1,"(137, 164)",jpeg
Data/Woman/face_1023.jpg,1,"(140, 165)",jpeg
Data/Man/face_298.jpg,0,"(92, 121)",jpeg
Data/Woman/face_1017.jpg,1,"(220, 278)",jpeg
Data/Man/face_698.jpg,0,"(114, 154)",jpeg
Data/Woman/face_553.jpg,1,"(194, 248)",jpeg
Data/Man/face_1515.jpg,0,"(101, 132)",jpeg
Data/Woman/face_186.jpg,1,"(207, 255)",jpeg
Data/Woman/face_1258.jpg,1,"(150, 203)",jpeg
Data/Man/face_192.jpg,0,"(173, 197)",jpeg
Data/Woman/face_1024.jpg,1,"(141, 194)",jpeg
Data/Woman/face_1021.jpg,1,"(132, 172)",jpeg
Data/Man/face_1085.jpg,0,"(268, 364)",jpeg
Data/Woman/face_953.jpg,1,"(195, 257)",jpeg
Data/Woman/face_1111.jpg,1,"(95, 122)",jpeg
Data/Woman/face_455.jpg,1,"(206, 262)",jpeg
Data/Woman/face_817.jpg,1,"(219, 269)",jpeg
Data/Woman/face_230.jpg,1,"(44, 66)",jpeg
Data/Man/face_532.jpg,0,"(148, 198)",jpeg
Data/Woman/face_547.jpg,1,"(236, 328)",jpeg
Data/Man/face_1315.jpg,0,"(93, 120)",jpeg
Data/Woman/face_1079.jpg,1,"(84, 101)",jpeg
Data/Woman/face_473.jpg,1,"(154, 239)",jpeg
Data/Man/face_116.jpg,0,"(168, 212)",jpeg
Data/Woman/face_19.jpg,1,"(384, 580)",jpeg
Data/Woman/face_640.jpg,1,"(406, 534)",jpeg
Data/Woman/face_748.jpg,1,"(126, 179)",jpeg
Data/Woman/face_1157.jpg,1,"(175, 220)",jpeg
Data/Woman/face_632.jpg,1,"(140, 198)",jpeg
Data/Woman/face_923.jpg,1,"(104, 126)",jpeg
Data/Woman/face_321.jpg,1,"(134, 175)",jpeg
Data/Woman/face_1312.jpg,1,"(77, 101)",jpeg
Data/Woman/face_662.jpg,1,"(342, 453)",jpeg
Data/Woman/face_1198.jpg,1,"(57, 86)",jpeg
Data/Woman/face_829.jpg,1,"(265, 334)",jpeg
Data/Woman/face_101.jpg,1,"(274, 291)",jpeg
Data/Woman/face_668.jpg,1,"(101, 137)",jpeg
Data/Man/face_1174.jpg,0,"(158, 210)",jpeg
Data/Man/face_1505.jpg,0,"(75, 116)",jpeg
Data/Man/face_161.jpg,0,"(174, 242)",jpeg
Data/Woman/face_815.jpg,1,"(132, 171)",jpeg
Data/Man/face_1080.jpg,0,"(104, 142)",jpeg
Data/Man/face_373.jpg,0,"(73, 90)",jpeg
Data/Woman/face_285.jpg,1,"(73, 113)",jpeg
Data/Woman/face_1058.jpg,1,"(67, 86)",jpeg
Data/Man/face_101.jpg,0,"(430, 555)",jpeg
Data/Woman/face_306.jpg,1,"(135, 171)",jpeg
Data/Man/face_677.jpg,0,"(136, 193)",jpeg
Data/Woman/face_1213.jpg,1,"(175, 214)",jpeg
Data/Woman/face_739.jpg,1,"(226, 297)",jpeg
Data/Woman/face_303.jpg,1,"(108, 134)",jpeg
Data/Man/face_1010.jpg,0,"(150, 198)",jpeg
Data/Woman/face_519.jpg,1,"(114, 151)",jpeg
Data/Man/face_1105.jpg,0,"(139, 181)",jpeg
Data/Woman/face_342.jpg,1,"(312, 341)",jpeg
Data/Man/face_347.jpg,0,"(107, 123)",jpeg
Data/Man/face_1429.jpg,0,"(209, 289)",jpeg
Data/Woman/face_1138.jpg,1,"(82, 98)",jpeg
Data/Woman/face_155.jpg,1,"(152, 195)",jpeg
Data/Woman/face_228.jpg,1,"(124, 156)",jpeg
Data/Woman/face_13.jpg,1,"(191, 219)",jpeg
Data/Woman/face_441.jpg,1,"(234, 341)",jpeg
Data/Woman/face_1029.jpg,1,"(313, 403)",jpeg
Data/Man/face_1121.jpg,0,"(165, 241)",jpeg
Data/Man/face_1436.jpg,0,"(130, 172)",jpeg
Data/Man/face_1440.jpg,0,"(221, 306)",jpeg
Data/Man/face_48.jpg,0,"(96, 121)",jpeg
Data/Woman/face_1344.jpg,1,"(102, 112)",jpeg
Data/Woman/face_1193.jpg,1,"(144, 173)",jpeg
Data/Man/face_564.jpg,0,"(208, 263)",jpeg
Data/Woman/face_278.jpg,1,"(146, 207)",jpeg
Data/Woman/face_1177.jpg,1,"(380, 530)",jpeg
Data/Man/face_595.jpg,0,"(125, 169)",jpeg
Data/Man/face_1260.jpg,0,"(150, 199)",jpeg
Data/Man/face_576.jpg,0,"(217, 243)",jpeg
Data/Man/face_327.jpg,0,"(439, 623)",jpeg
Data/Man/face_972.jpg,0,"(33, 52)",jpeg
Data/Woman/face_475.jpg,1,"(240, 315)",jpeg
Data/Woman/face_611.jpg,1,"(232, 328)",jpeg
Data/Man/face_1199.jpg,0,"(166, 230)",jpeg
Data/Woman/face_1343.jpg,1,"(376, 468)",jpeg
Data/Man/face_450.jpg,0,"(401, 520)",jpeg
Data/Woman/face_500.jpg,1,"(84, 117)",jpeg
Data/Man/face_82.jpg,0,"(193, 254)",jpeg
Data/Man/face_173.jpg,0,"(80, 110)",jpeg
Data/Woman/face_354.jpg,1,"(224, 286)",jpeg
Data/Woman/face_607.jpg,1,"(251, 321)",jpeg
Data/Man/face_1486.jpg,0,"(62, 87)",jpeg
Data/Man/face_74.jpg,0,"(219, 308)",jpeg
Data/Man/face_1318.jpg,0,"(214, 265)",jpeg
Data/Woman/face_884.jpg,1,"(211, 274)",jpeg
Data/Woman/face_1151.jpg,1,"(75, 96)",jpeg
Data/Woman/face_1035.jpg,1,"(141, 232)",jpeg
Data/Woman/face_1275.jpg,1,"(592, 776)",jpeg
Data/Man/face_1289.jpg,0,"(163, 230)",jpeg
Data/Man/face_4.jpg,0,"(202, 263)",jpeg
Data/Woman/face_729.jpg,1,"(218, 247)",jpeg
Data/Man/face_1001.jpg,0,"(165, 191)",jpeg
Data/Woman/face_243.jpg,1,"(484, 735)",jpeg
Data/Man/face_616.jpg,0,"(60, 77)",jpeg
Data/Woman/face_428.jpg,1,"(218, 281)",jpeg
Data/Man/face_171.jpg,0,"(313, 463)",jpeg
Data/Man/face_75.jpg,0,"(37, 46)",jpeg
Data/Woman/face_517.jpg,1,"(165, 221)",jpeg
Data/Man/face_1079.jpg,0,"(198, 247)",jpeg
Data/Woman/face_1044.jpg,1,"(334, 416)",jpeg
Data/Man/face_1332.jpg,0,"(313, 456)",jpeg
Data/Woman/face_82.jpg,1,"(138, 184)",jpeg
Data/Man/face_666.jpg,0,"(194, 261)",jpeg
Data/Woman/face_130.jpg,1,"(296, 428)",jpeg
Data/Man/face_833.jpg,0,"(37, 50)",jpeg
Data/Woman/face_464.jpg,1,"(308, 411)",jpeg
Data/Man/face_467.jpg,0,"(323, 438)",jpeg
Data/Man/face_771.jpg,0,"(218, 298)",jpeg
Data/Man/face_9.jpg,0,"(149, 216)",jpeg
Data/Man/face_880.jpg,0,"(79, 110)",jpeg
Data/Woman/face_686.jpg,1,"(112, 152)",jpeg
Data/Man/face_168.jpg,0,"(122, 170)",jpeg
Data/Woman/face_214.jpg,1,"(159, 208)",jpeg
Data/Woman/face_300.jpg,1,"(114, 140)",jpeg
Data/Woman/face_8.jpg,1,"(162, 193)",jpeg
Data/Man/face_755.jpg,0,"(113, 161)",jpeg
Data/Woman/face_1061.jpg,1,"(102, 126)",jpeg
Data/Man/face_830.jpg,0,"(64, 90)",jpeg
Data/Man/face_459.jpg,0,"(205, 292)",jpeg
Data/Woman/face_1253.jpg,1,"(76, 103)",jpeg
Data/Man/face_1407.jpg,0,"(144, 215)",jpeg
Data/Woman/face_115.jpg,1,"(116, 162)",jpeg
Data/Man/face_1323.jpg,0,"(118, 162)",jpeg
Data/Woman/face_684.jpg,1,"(255, 350)",jpeg
Data/Man/face_1167.jpg,0,"(111, 145)",jpeg
Data/Man/face_359.jpg,0,"(449, 565)",jpeg
Data/Woman/face_590.jpg,1,"(231, 303)",jpeg
Data/Man/face_258.jpg,0,"(210, 262)",jpeg
Data/Man/face_955.jpg,0,"(200, 248)",jpeg
Data/Man/face_510.jpg,0,"(128, 169)",jpeg
Data/Woman/face_606.jpg,1,"(262, 342)",jpeg
Data/Woman/face_1048.jpg,1,"(176, 222)",jpeg
Data/Man/face_910.jpg,0,"(140, 180)",jpeg
Data/Man/face_1262.jpg,0,"(148, 207)",jpeg
Data/Woman/face_694.jpg,1,"(103, 155)",jpeg
Data/Woman/face_505.jpg,1,"(307, 445)",jpeg
Data/Woman/face_1015.jpg,1,"(86, 123)",jpeg
Data/Man/face_646.jpg,0,"(292, 403)",jpeg
Data/Woman/face_626.jpg,1,"(142, 204)",jpeg
Data/Woman/face_494.jpg,1,"(201, 292)",jpeg
Data/Woman/face_152.jpg,1,"(95, 132)",jpeg
Data/Woman/face_568.jpg,1,"(162, 217)",jpeg
Data/Man/face_739.jpg,0,"(80, 114)",jpeg
Data/Woman/face_718.jpg,1,"(63, 85)",jpeg
Data/Man/face_1304.jpg,0,"(644, 759)",jpeg
Data/Man/face_529.jpg,0,"(287, 400)",jpeg
Data/Man/face_507.jpg,0,"(380, 545)",jpeg
Data/Man/face_1351.jpg,0,"(88, 116)",jpeg
Data/Woman/face_1171.jpg,1,"(113, 156)",jpeg
Data/Woman/face_1084.jpg,1,"(132, 139)",jpeg
Data/Man/face_1160.jpg,0,"(115, 154)",jpeg
Data/Man/face_0.jpg,0,"(121, 170)",jpeg
Data/Man/face_158.jpg,0,"(101, 126)",jpeg
Data/Man/face_844.jpg,0,"(166, 219)",jpeg
Data/Woman/face_771.jpg,1,"(185, 220)",jpeg
Data/Man/face_728.jpg,0,"(79, 130)",jpeg
Data/Woman/face_782.jpg,1,"(232, 290)",jpeg
Data/Woman/face_641.jpg,1,"(63, 81)",jpeg
Data/Woman/face_1162.jpg,1,"(173, 211)",jpeg
Data/Woman/face_760.jpg,1,"(173, 222)",jpeg
Data/Man/face_862.jpg,0,"(35, 49)",jpeg
Data/Man/face_1258.jpg,0,"(379, 500)",jpeg
Data/Man/face_1516.jpg,0,"(112, 162)",jpeg
Data/Man/face_1126.jpg,0,"(263, 345)",jpeg
Data/Man/face_1074.jpg,0,"(156, 223)",jpeg
Data/Man/face_550.jpg,0,"(173, 244)",jpeg
Data/Woman/face_127.jpg,1,"(139, 166)",jpeg
Data/Woman/face_1353.jpg,1,"(63, 87)",jpeg
Data/Woman/face_1062.jpg,1,"(157, 214)",jpeg
Data/Man/face_25.jpg,0,"(112, 183)",jpeg
Data/Woman/face_302.jpg,1,"(131, 191)",jpeg
Data/Man/face_27.jpg,0,"(324, 426)",jpeg
Data/Man/face_986.jpg,0,"(148, 181)",jpeg
Data/Woman/face_5.jpg,1,"(157, 209)",jpeg
Data/Man/face_1159.jpg,0,"(40, 51)",jpeg
Data/Woman/face_170.jpg,1,"(178, 257)",jpeg
Data/Man/face_1066.jpg,0,"(85, 110)",jpeg
Data/Man/face_58.jpg,0,"(144, 211)",jpeg
Data/Woman/face_143.jpg,1,"(158, 213)",jpeg
Data/Man/face_876.jpg,0,"(219, 297)",jpeg
Data/Man/face_1302.jpg,0,"(142, 195)",jpeg
Data/Woman/face_731.jpg,1,"(95, 121)",jpeg
Data/Man/face_624.jpg,0,"(86, 104)",jpeg
Data/Man/face_1382.jpg,0,"(70, 89)",jpeg
Data/Woman/face_293.jpg,1,"(349, 329)",jpeg
Data/Man/face_72.jpg,0,"(107, 143)",jpeg
Data/Woman/face_1310.jpg,1,"(155, 202)",jpeg
Data/Woman/face_955.jpg,1,"(73, 101)",jpeg
Data/Man/face_1481.jpg,0,"(193, 261)",jpeg
Data/Man/face_871.jpg,0,"(115, 184)",jpeg
Data/Man/face_1011.jpg,0,"(53, 74)",jpeg
Data/Woman/face_1235.jpg,1,"(198, 272)",jpeg
Data/Woman/face_468.jpg,1,"(93, 139)",jpeg
Data/Man/face_931.jpg,0,"(252, 376)",jpeg
Data/Man/face_1330.jpg,0,"(104, 165)",jpeg
Data/Woman/face_1368.jpg,1,"(113, 149)",jpeg
Data/Woman/face_368.jpg,1,"(436, 571)",jpeg
Data/Woman/face_211.jpg,1,"(82, 108)",jpeg
Data/Man/face_799.jpg,0,"(224, 303)",jpeg
Data/Woman/face_358.jpg,1,"(229, 289)",jpeg
Data/Woman/face_201.jpg,1,"(157, 204)",jpeg
Data/Woman/face_1000.jpg,1,"(101, 129)",jpeg
Data/Woman/face_1345.jpg,1,"(107, 148)",jpeg
Data/Man/face_118.jpg,0,"(1062, 1433)",jpeg
Data/Man/face_254.jpg,0,"(112, 154)",jpeg
Data/Woman/face_314.jpg,1,"(152, 207)",jpeg
Data/Woman/face_1228.jpg,1,"(148, 205)",jpeg
Data/Man/face_279.jpg,0,"(191, 275)",jpeg
Data/Man/face_250.jpg,0,"(150, 187)",jpeg
Data/Woman/face_1137.jpg,1,"(174, 251)",jpeg
Data/Man/face_1363.jpg,0,"(344, 472)",jpeg
Data/Man/face_1138.jpg,0,"(67, 90)",jpeg
Data/Man/face_274.jpg,0,"(143, 180)",jpeg
Data/Woman/face_1196.jpg,1,"(199, 276)",jpeg
Data/Woman/face_1363.jpg,1,"(75, 111)",jpeg
Data/Man/face_720.jpg,0,"(103, 142)",jpeg
Data/Man/face_631.jpg,0,"(242, 270)",jpeg
Data/Woman/face_21.jpg,1,"(179, 231)",jpeg
Data/Man/face_1524.jpg,0,"(236, 338)",jpeg
Data/Man/face_662.jpg,0,"(219, 322)",jpeg
Data/Woman/face_76.jpg,1,"(312, 449)",jpeg
Data/Man/face_1203.jpg,0,"(78, 112)",jpeg
Data/Woman/face_217.jpg,1,"(277, 360)",jpeg
Data/Woman/face_995.jpg,1,"(233, 278)",jpeg
Data/Man/face_1104.jpg,0,"(100, 147)",jpeg
Data/Woman/face_821.jpg,1,"(74, 102)",jpeg
Data/Woman/face_503.jpg,1,"(168, 235)",jpeg
Data/Woman/face_1173.jpg,1,"(110, 135)",jpeg
Data/Man/face_1140.jpg,0,"(165, 211)",jpeg
Data/Woman/face_601.jpg,1,"(258, 287)",jpeg
Data/Woman/face_1099.jpg,1,"(128, 161)",jpeg
Data/Woman/face_630.jpg,1,"(242, 379)",jpeg
Data/Man/face_1425.jpg,0,"(70, 101)",jpeg
Data/Man/face_904.jpg,0,"(59, 75)",jpeg
Data/Man/face_1346.jpg,0,"(191, 271)",jpeg
Data/Woman/face_915.jpg,1,"(128, 176)",jpeg
Data/Man/face_637.jpg,0,"(251, 355)",jpeg
Data/Woman/face_371.jpg,1,"(374, 477)",jpeg
Data/Man/face_1190.jpg,0,"(89, 112)",jpeg
Data/Man/face_1051.jpg,0,"(108, 145)",jpeg
Data/Woman/face_582.jpg,1,"(158, 198)",jpeg
Data/Woman/face_1211.jpg,1,"(111, 148)",jpeg
Data/Man/face_1327.jpg,0,"(62, 69)",jpeg
Data/Woman/face_1260.jpg,1,"(229, 320)",jpeg
Data/Woman/face_541.jpg,1,"(90, 121)",jpeg
Data/Woman/face_330.jpg,1,"(88, 117)",jpeg
Data/Man/face_1211.jpg,0,"(39, 56)",jpeg
Data/Man/face_1417.jpg,0,"(77, 103)",jpeg
Data/Man/face_313.jpg,0,"(296, 393)",jpeg
Data/Woman/face_759.jpg,1,"(54, 62)",jpeg
Data/Woman/face_317.jpg,1,"(225, 272)",jpeg
Data/Man/face_649.jpg,0,"(75, 101)",jpeg
Data/Man/face_598.jpg,0,"(1013, 1229)",jpeg
Data/Woman/face_411.jpg,1,"(127, 191)",jpeg
Data/Woman/face_1287.jpg,1,"(223, 242)",jpeg
Data/Woman/face_567.jpg,1,"(84, 112)",jpeg
Data/Man/face_417.jpg,0,"(113, 164)",jpeg
Data/Woman/face_370.jpg,1,"(145, 196)",jpeg
Data/Woman/face_57.jpg,1,"(159, 204)",jpeg
Data/Woman/face_858.jpg,1,"(433, 628)",jpeg
Data/Woman/face_478.jpg,1,"(225, 292)",jpeg
Data/Woman/face_969.jpg,1,"(239, 331)",jpeg
Data/Man/face_839.jpg,0,"(177, 235)",jpeg
Data/Woman/face_1207.jpg,1,"(134, 178)",jpeg
Data/Woman/face_108.jpg,1,"(426, 584)",jpeg
Data/Woman/face_282.jpg,1,"(266, 335)",jpeg
Data/Man/face_302.jpg,0,"(229, 269)",jpeg
Data/Woman/face_22.jpg,1,"(418, 562)",jpeg
Data/Woman/face_1145.jpg,1,"(85, 129)",jpeg
Data/Woman/face_79.jpg,1,"(376, 477)",jpeg
Data/Woman/face_1129.jpg,1,"(135, 152)",jpeg
Data/Woman/face_1164.jpg,1,"(78, 110)",jpeg
Data/Woman/face_1309.jpg,1,"(177, 239)",jpeg
Data/Woman/face_960.jpg,1,"(106, 138)",jpeg
Data/Woman/face_1376.jpg,1,"(73, 96)",jpeg
Data/Man/face_306.jpg,0,"(183, 253)",jpeg
Data/Man/face_522.jpg,0,"(383, 535)",jpeg
Data/Man/face_781.jpg,0,"(68, 95)",jpeg
Data/Woman/face_1315.jpg,1,"(187, 284)",jpeg
Data/Man/face_1439.jpg,0,"(80, 110)",jpeg
Data/Woman/face_642.jpg,1,"(88, 135)",jpeg
Data/Man/face_500.jpg,0,"(95, 127)",jpeg
Data/Woman/face_348.jpg,1,"(276, 375)",jpeg
Data/Man/face_1180.jpg,0,"(317, 397)",jpeg
Data/Man/face_924.jpg,0,"(79, 103)",jpeg
Data/Man/face_575.jpg,0,"(221, 315)",jpeg
Data/Woman/face_489.jpg,1,"(94, 130)",jpeg
Data/Man/face_1370.jpg,0,"(123, 158)",jpeg
Data/Man/face_870.jpg,0,"(177, 230)",jpeg
Data/Man/face_774.jpg,0,"(254, 323)",jpeg
Data/Woman/face_148.jpg,1,"(177, 221)",jpeg
Data/Woman/face_487.jpg,1,"(245, 337)",jpeg
Data/Man/face_195.jpg,0,"(160, 221)",jpeg
Data/Woman/face_1374.jpg,1,"(215, 277)",jpeg
Data/Man/face_1393.jpg,0,"(87, 134)",jpeg
Data/Man/face_1136.jpg,0,"(207, 259)",jpeg
Data/Man/face_1214.jpg,0,"(263, 317)",jpeg
Data/Woman/face_126.jpg,1,"(110, 137)",jpeg
Data/Woman/face_136.jpg,1,"(468, 610)",jpeg
Data/Woman/face_167.jpg,1,"(203, 304)",jpeg
Data/Man/face_493.jpg,0,"(123, 167)",jpeg
Data/Woman/face_1325.jpg,1,"(80, 102)",jpeg
Data/Man/face_690.jpg,0,"(166, 223)",jpeg
Data/Man/face_56.jpg,0,"(153, 206)",jpeg
Data/Man/face_43.jpg,0,"(149, 188)",jpeg
Data/Woman/face_1246.jpg,1,"(62, 80)",jpeg
Data/Woman/face_446.jpg,1,"(230, 294)",jpeg
Data/Woman/face_14.jpg,1,"(578, 757)",jpeg
Data/Man/face_151.jpg,0,"(178, 254)",jpeg
Data/Man/face_164.jpg,0,"(260, 364)",jpeg
Data/Man/face_748.jpg,0,"(217, 343)",jpeg
Data/Man/face_1352.jpg,0,"(124, 190)",jpeg
Data/Woman/face_94.jpg,1,"(113, 147)",jpeg
Data/Man/face_266.jpg,0,"(218, 286)",jpeg
Data/Man/face_1485.jpg,0,"(101, 132)",jpeg
Data/Man/face_1229.jpg,0,"(205, 271)",jpeg
Data/Man/face_992.jpg,0,"(281, 399)",jpeg
Data/Man/face_545.jpg,0,"(78, 105)",jpeg
Data/Woman/face_716.jpg,1,"(217, 268)",jpeg
Data/Man/face_664.jpg,0,"(92, 133)",jpeg
Data/Man/face_1345.jpg,0,"(93, 122)",jpeg
Data/Woman/face_31.jpg,1,"(172, 257)",jpeg
Data/Woman/face_1083.jpg,1,"(156, 215)",jpeg
Data/Woman/face_493.jpg,1,"(99, 138)",jpeg
Data/Man/face_861.jpg,0,"(56, 66)",jpeg
Data/Man/face_1096.jpg,0,"(97, 128)",jpeg
Data/Man/face_963.jpg,0,"(85, 100)",jpeg
Data/Woman/face_569.jpg,1,"(227, 320)",jpeg
Data/Man/face_752.jpg,0,"(159, 205)",jpeg
Data/Woman/face_932.jpg,1,"(255, 291)",jpeg
Data/Woman/face_1256.jpg,1,"(218, 298)",jpeg
Data/Man/face_339.jpg,0,"(548, 790)",jpeg
Data/Man/face_1484.jpg,0,"(212, 243)",jpeg
Data/Man/face_1041.jpg,0,"(417, 551)",jpeg
Data/Man/face_351.jpg,0,"(112, 113)",jpeg
Data/Man/face_344.jpg,0,"(1142, 1323)",jpeg
Data/Man/face_261.jpg,0,"(93, 123)",jpeg
Data/Man/face_434.jpg,0,"(272, 366)",jpeg
Data/Man/face_263.jpg,0,"(164, 220)",jpeg
Data/Man/face_900.jpg,0,"(156, 249)",jpeg
Data/Man/face_964.jpg,0,"(458, 597)",jpeg
Data/Man/face_1401.jpg,0,"(103, 158)",jpeg
Data/Woman/face_419.jpg,1,"(124, 172)",jpeg
Data/Woman/face_510.jpg,1,"(109, 138)",jpeg
Data/Woman/face_1273.jpg,1,"(42, 54)",jpeg
Data/Woman/face_111.jpg,1,"(185, 241)",jpeg
Data/Man/face_889.jpg,0,"(58, 75)",jpeg
Data/Woman/face_663.jpg,1,"(119, 168)",jpeg
Data/Man/face_892.jpg,0,"(369, 565)",jpeg
Data/Woman/face_1270.jpg,1,"(101, 133)",jpeg
Data/Man/face_429.jpg,0,"(178, 254)",jpeg
Data/Man/face_705.jpg,0,"(124, 158)",jpeg
Data/Woman/face_983.jpg,1,"(273, 354)",jpeg
Data/Man/face_353.jpg,0,"(50, 63)",jpeg
Data/Man/face_1246.jpg,0,"(246, 322)",jpeg
Data/Man/face_1075.jpg,0,"(653, 828)",jpeg
Data/Woman/face_571.jpg,1,"(489, 661)",jpeg
Data/Woman/face_107.jpg,1,"(261, 360)",jpeg
Data/Woman/face_212.jpg,1,"(119, 155)",jpeg
Data/Man/face_1292.jpg,0,"(182, 227)",jpeg
Data/Man/face_1172.jpg,0,"(96, 113)",jpeg
Data/Man/face_458.jpg,0,"(357, 420)",jpeg
Data/Woman/face_289.jpg,1,"(90, 161)",jpeg
Data/Man/face_555.jpg,0,"(240, 327)",jpeg
Data/Woman/face_816.jpg,1,"(469, 639)",jpeg
Data/Man/face_283.jpg,0,"(273, 368)",jpeg
Data/Woman/face_337.jpg,1,"(70, 76)",jpeg
Data/Man/face_1321.jpg,0,"(155, 211)",jpeg
Data/Man/face_1157.jpg,0,"(267, 352)",jpeg
Data/Woman/face_982.jpg,1,"(77, 89)",jpeg
Data/Woman/face_1146.jpg,1,"(98, 139)",jpeg
Data/Man/face_1120.jpg,0,"(73, 93)",jpeg
Data/Man/face_1472.jpg,0,"(125, 183)",jpeg
Data/Man/face_802.jpg,0,"(118, 163)",jpeg
Data/Man/face_866.jpg,0,"(75, 118)",jpeg
Data/Man/face_617.jpg,0,"(352, 456)",jpeg
Data/Woman/face_313.jpg,1,"(211, 261)",jpeg
Data/Man/face_950.jpg,0,"(145, 207)",jpeg
Data/Man/face_1423.jpg,0,"(62, 90)",jpeg
Data/Woman/face_666.jpg,1,"(349, 424)",jpeg
Data/Man/face_836.jpg,0,"(89, 126)",jpeg
Data/Woman/face_479.jpg,1,"(143, 191)",jpeg
Data/Woman/face_1128.jpg,1,"(164, 160)",jpeg
Data/Woman/face_125.jpg,1,"(767, 964)",jpeg
Data/Woman/face_1050.jpg,1,"(135, 215)",jpeg
Data/Man/face_169.jpg,0,"(312, 448)",jpeg
Data/Woman/face_516.jpg,1,"(136, 190)",jpeg
Data/Man/face_194.jpg,0,"(200, 285)",jpeg
Data/Man/face_977.jpg,0,"(197, 278)",jpeg
Data/Woman/face_7.jpg,1,"(101, 138)",jpeg
Data/Woman/face_389.jpg,1,"(504, 623)",jpeg
Data/Man/face_374.jpg,0,"(911, 1208)",jpeg
Data/Man/face_701.jpg,0,"(154, 201)",jpeg
Data/Man/face_906.jpg,0,"(237, 287)",jpeg
Data/Woman/face_213.jpg,1,"(49, 66)",jpeg
Data/Woman/face_146.jpg,1,"(347, 517)",jpeg
Data/Man/face_1047.jpg,0,"(167, 218)",jpeg
Data/Man/face_98.jpg,0,"(161, 238)",jpeg
Data/Man/face_650.jpg,0,"(261, 312)",jpeg
Data/Man/face_231.jpg,0,"(69, 89)",jpeg
Data/Woman/face_185.jpg,1,"(245, 346)",jpeg
Data/Woman/face_899.jpg,1,"(76, 109)",jpeg
Data/Man/face_281.jpg,0,"(76, 118)",jpeg
Data/Woman/face_1003.jpg,1,"(99, 133)",jpeg
Data/Woman/face_1093.jpg,1,"(208, 275)",jpeg
Data/Man/face_630.jpg,0,"(438, 510)",jpeg
Data/Woman/face_1215.jpg,1,"(299, 357)",jpeg
Data/Woman/face_560.jpg,1,"(126, 182)",jpeg
Data/Woman/face_412.jpg,1,"(471, 632)",jpeg
Data/Woman/face_649.jpg,1,"(228, 328)",jpeg
Data/Man/face_658.jpg,0,"(230, 325)",jpeg
Data/Man/face_1299.jpg,0,"(441, 565)",jpeg
Data/Man/face_591.jpg,0,"(137, 190)",jpeg
Data/Man/face_1483.jpg,0,"(41, 52)",jpeg
Data/Man/face_301.jpg,0,"(164, 215)",jpeg
Data/Woman/face_1257.jpg,1,"(98, 136)",jpeg
Data/Woman/face_403.jpg,1,"(159, 232)",jpeg
Data/Woman/face_99.jpg,1,"(319, 414)",jpeg
Data/Woman/face_1221.jpg,1,"(299, 394)",jpeg
Data/Woman/face_622.jpg,1,"(181, 216)",jpeg
Data/Man/face_443.jpg,0,"(196, 266)",jpeg
Data/Man/face_32.jpg,0,"(125, 179)",jpeg
Data/Man/face_1241.jpg,0,"(265, 327)",jpeg
Data/Man/face_262.jpg,0,"(67, 96)",jpeg
Data/Man/face_1333.jpg,0,"(161, 222)",jpeg
Data/Woman/face_563.jpg,1,"(147, 204)",jpeg
Data/Woman/face_627.jpg,1,"(143, 195)",jpeg
Data/Woman/face_1271.jpg,1,"(247, 306)",jpeg
Data/Woman/face_288.jpg,1,"(139, 171)",jpeg
Data/Man/face_19.jpg,0,"(129, 181)",jpeg
Data/Woman/face_338.jpg,1,"(277, 397)",jpeg
Data/Woman/face_944.jpg,1,"(83, 100)",jpeg
Data/Man/face_218.jpg,0,"(348, 522)",jpeg
Data/Man/face_1514.jpg,0,"(103, 153)",jpeg
Data/Man/face_928.jpg,0,"(45, 59)",jpeg
Data/Man/face_183.jpg,0,"(116, 145)",jpeg
Data/Woman/face_1240.jpg,1,"(57, 76)",jpeg
Data/Man/face_780.jpg,0,"(208, 289)",jpeg
Data/Man/face_854.jpg,0,"(175, 238)",jpeg
Data/Man/face_655.jpg,0,"(146, 205)",jpeg
Data/Woman/face_83.jpg,1,"(103, 126)",jpeg
Data/Man/face_940.jpg,0,"(154, 221)",jpeg
Data/Man/face_289.jpg,0,"(231, 341)",jpeg
Data/Man/face_508.jpg,0,"(245, 334)",jpeg
Data/Woman/face_1056.jpg,1,"(138, 184)",jpeg
Data/Man/face_10.jpg,0,"(371, 476)",jpeg
Data/Man/face_1444.jpg,0,"(168, 242)",jpeg
Data/Woman/face_249.jpg,1,"(146, 194)",jpeg
Data/Woman/face_1066.jpg,1,"(113, 147)",jpeg
Data/Man/face_1466.jpg,0,"(301, 310)",jpeg
Data/Man/face_539.jpg,0,"(189, 249)",jpeg
Data/Man/face_899.jpg,0,"(190, 244)",jpeg
Data/Man/face_930.jpg,0,"(170, 231)",jpeg
Data/Man/face_87.jpg,0,"(131, 170)",jpeg
Data/Woman/face_672.jpg,1,"(219, 293)",jpeg
Data/Woman/face_97.jpg,1,"(147, 229)",jpeg
Data/Woman/face_896.jpg,1,"(76, 75)",jpeg
Data/Woman/face_655.jpg,1,"(135, 193)",jpeg
Data/Man/face_1142.jpg,0,"(200, 272)",jpeg
Data/Man/face_201.jpg,0,"(119, 169)",jpeg
Data/Man/face_1528.jpg,0,"(54, 77)",jpeg
Data/Man/face_1415.jpg,0,"(82, 122)",jpeg
Data/Woman/face_913.jpg,1,"(78, 98)",jpeg
Data/Woman/face_977.jpg,1,"(95, 142)",jpeg
Data/Man/face_1418.jpg,0,"(67, 86)",jpeg
Data/Man/face_190.jpg,0,"(387, 542)",jpeg
Data/Woman/face_104.jpg,1,"(314, 413)",jpeg
Data/Man/face_1098.jpg,0,"(132, 184)",jpeg
Data/Man/face_147.jpg,0,"(68, 87)",jpeg
Data/Man/face_244.jpg,0,"(429, 414)",jpeg
Data/Woman/face_1153.jpg,1,"(237, 284)",jpeg
Data/Woman/face_400.jpg,1,"(133, 189)",jpeg
Data/Man/face_367.jpg,0,"(211, 283)",jpeg
Data/Woman/face_1200.jpg,1,"(90, 139)",jpeg
Data/Man/face_832.jpg,0,"(109, 154)",jpeg
Data/Woman/face_933.jpg,1,"(152, 203)",jpeg
Data/Man/face_232.jpg,0,"(731, 1117)",jpeg
Data/Man/face_869.jpg,0,"(115, 156)",jpeg
Data/Woman/face_531.jpg,1,"(359, 510)",jpeg
Data/Man/face_1215.jpg,0,"(106, 146)",jpeg
Data/Woman/face_783.jpg,1,"(103, 134)",jpeg
Data/Woman/face_279.jpg,1,"(170, 210)",jpeg
Data/Man/face_1381.jpg,0,"(59, 80)",jpeg
Data/Woman/face_1109.jpg,1,"(95, 125)",jpeg
Data/Woman/face_23.jpg,1,"(259, 277)",jpeg
Data/Man/face_207.jpg,0,"(122, 205)",jpeg
Data/Woman/face_1191.jpg,1,"(416, 479)",jpeg
Data/Man/face_837.jpg,0,"(111, 149)",jpeg
Data/Man/face_926.jpg,0,"(75, 98)",jpeg
Data/Woman/face_1356.jpg,1,"(66, 96)",jpeg
Data/Man/face_1287.jpg,0,"(169, 192)",jpeg
Data/Woman/face_537.jpg,1,"(1343, 1531)",jpeg
Data/Woman/face_502.jpg,1,"(96, 151)",jpeg
Data/Man/face_509.jpg,0,"(80, 103)",jpeg
Data/Woman/face_173.jpg,1,"(830, 1187)",jpeg
Data/Man/face_320.jpg,0,"(184, 261)",jpeg
Data/Man/face_502.jpg,0,"(141, 201)",jpeg
Data/Man/face_1191.jpg,0,"(291, 373)",jpeg
Data/Woman/face_1367.jpg,1,"(136, 184)",jpeg
Data/Woman/face_349.jpg,1,"(219, 240)",jpeg
Data/Woman/face_824.jpg,1,"(218, 288)",jpeg
Data/Woman/face_991.jpg,1,"(316, 416)",jpeg
Data/Woman/face_549.jpg,1,"(240, 359)",jpeg
Data/Man/face_1420.jpg,0,"(252, 289)",jpeg
Data/Man/face_293.jpg,0,"(1363, 1913)",jpeg
Data/Woman/face_281.jpg,1,"(263, 334)",jpeg
Data/Man/face_18.jpg,0,"(92, 128)",jpeg
Data/Woman/face_88.jpg,1,"(244, 308)",jpeg
Data/Woman/face_246.jpg,1,"(715, 949)",jpeg
Data/Woman/face_196.jpg,1,"(249, 346)",jpeg
Data/Woman/face_450.jpg,1,"(290, 377)",jpeg
Data/Woman/face_440.jpg,1,"(201, 224)",jpeg
Data/Man/face_710.jpg,0,"(156, 218)",jpeg
Data/Man/face_1161.jpg,0,"(163, 203)",jpeg
Data/Woman/face_1027.jpg,1,"(270, 355)",jpeg
Data/Man/face_311.jpg,0,"(361, 494)",jpeg
Data/Man/face_130.jpg,0,"(122, 164)",jpeg
Data/Woman/face_1214.jpg,1,"(124, 155)",jpeg
Data/Woman/face_150.jpg,1,"(137, 207)",jpeg
Data/Woman/face_359.jpg,1,"(52, 64)",jpeg
Data/Man/face_542.jpg,0,"(153, 220)",jpeg
Data/Woman/face_72.jpg,1,"(415, 596)",jpeg
Data/Woman/face_1378.jpg,1,"(134, 169)",jpeg
Data/Woman/face_554.jpg,1,"(319, 398)",jpeg
Data/Woman/face_1155.jpg,1,"(327, 429)",jpeg
Data/Man/face_149.jpg,0,"(274, 372)",jpeg
Data/Woman/face_586.jpg,1,"(130, 173)",jpeg
Data/Man/face_122.jpg,0,"(164, 228)",jpeg
Data/Man/face_1369.jpg,0,"(133, 191)",jpeg
Data/Woman/face_299.jpg,1,"(112, 137)",jpeg
Data/Man/face_1373.jpg,0,"(82, 111)",jpeg
Data/Woman/face_413.jpg,1,"(128, 298)",jpeg
Data/Man/face_592.jpg,0,"(1313, 1639)",jpeg
Data/Woman/face_409.jpg,1,"(239, 316)",jpeg
Data/Man/face_426.jpg,0,"(176, 247)",jpeg
Data/Man/face_746.jpg,0,"(533, 704)",jpeg
Data/Woman/face_825.jpg,1,"(122, 151)",jpeg
Data/Woman/face_996.jpg,1,"(140, 184)",jpeg
Data/Woman/face_1152.jpg,1,"(174, 203)",jpeg
Data/Woman/face_2.jpg,1,"(196, 305)",jpeg
Data/Man/face_671.jpg,0,"(71, 96)",jpeg
Data/Woman/face_297.jpg,1,"(340, 384)",jpeg
Data/Man/face_1303.jpg,0,"(83, 118)",jpeg
Data/Man/face_371.jpg,0,"(102, 147)",jpeg
Data/Woman/face_1039.jpg,1,"(440, 614)",jpeg
Data/Woman/face_723.jpg,1,"(184, 261)",jpeg
Data/Woman/face_772.jpg,1,"(279, 281)",jpeg
Data/Woman/face_105.jpg,1,"(97, 120)",jpeg
Data/Woman/face_743.jpg,1,"(500, 785)",jpeg
Data/Man/face_676.jpg,0,"(60, 95)",jpeg
Data/Woman/face_1012.jpg,1,"(211, 275)",jpeg
Data/Man/face_976.jpg,0,"(149, 186)",jpeg
Data/Man/face_1386.jpg,0,"(95, 113)",jpeg
Data/Woman/face_37.jpg,1,"(405, 531)",jpeg
Data/Man/face_1254.jpg,0,"(93, 130)",jpeg
Data/Woman/face_1371.jpg,1,"(204, 242)",jpeg
Data/Woman/face_1358.jpg,1,"(205, 253)",jpeg
Data/Man/face_1487.jpg,0,"(371, 488)",jpeg
Data/Woman/face_1119.jpg,1,"(185, 225)",jpeg
Data/Man/face_1106.jpg,0,"(570, 918)",jpeg
Data/Woman/face_810.jpg,1,"(125, 201)",jpeg
Data/Woman/face_555.jpg,1,"(197, 262)",jpeg
Data/Woman/face_660.jpg,1,"(246, 325)",jpeg
Data/Man/face_1311.jpg,0,"(92, 124)",jpeg
Data/Man/face_16.jpg,0,"(1699, 2114)",jpeg
Data/Woman/face_868.jpg,1,"(198, 253)",jpeg
Data/Woman/face_827.jpg,1,"(125, 161)",jpeg
Data/Woman/face_307.jpg,1,"(291, 350)",jpeg
Data/Woman/face_1224.jpg,1,"(44, 74)",jpeg
Data/Man/face_1205.jpg,0,"(223, 306)",jpeg
Data/Woman/face_1370.jpg,1,"(56, 64)",jpeg
Data/Woman/face_507.jpg,1,"(216, 292)",jpeg
Data/Woman/face_280.jpg,1,"(289, 346)",jpeg
Data/Man/face_83.jpg,0,"(249, 332)",jpeg
Data/Woman/face_1197.jpg,1,"(158, 244)",jpeg
Data/Man/face_993.jpg,0,"(25, 35)",jpeg
Data/Man/face_235.jpg,0,"(67, 99)",jpeg
Data/Man/face_613.jpg,0,"(283, 408)",jpeg
Data/Man/face_146.jpg,0,"(59, 68)",jpeg
Data/Woman/face_55.jpg,1,"(115, 174)",jpeg
Data/Man/face_227.jpg,0,"(129, 186)",jpeg
Data/Man/face_1230.jpg,0,"(322, 439)",jpeg
Data/Woman/face_1348.jpg,1,"(100, 135)",jpeg
Data/Woman/face_121.jpg,1,"(124, 149)",jpeg
Data/Man/face_957.jpg,0,"(151, 203)",jpeg
Data/Man/face_8.jpg,0,"(171, 241)",jpeg
Data/Woman/face_959.jpg,1,"(193, 261)",jpeg
Data/Man/face_753.jpg,0,"(116, 150)",jpeg
Data/Man/face_959.jpg,0,"(153, 199)",jpeg
Data/Woman/face_331.jpg,1,"(130, 193)",jpeg
Data/Woman/face_1327.jpg,1,"(121, 180)",jpeg
Data/Woman/face_1375.jpg,1,"(124, 172)",jpeg
Data/Man/face_5.jpg,0,"(76, 100)",jpeg
Data/Man/face_310.jpg,0,"(289, 401)",jpeg
Data/Woman/face_355.jpg,1,"(139, 190)",jpeg
Data/Woman/face_1241.jpg,1,"(69, 94)",jpeg
Data/Woman/face_1085.jpg,1,"(149, 199)",jpeg
Data/Woman/face_1347.jpg,1,"(161, 223)",jpeg
Data/Woman/face_1168.jpg,1,"(178, 213)",jpeg
Data/Woman/face_1294.jpg,1,"(87, 111)",jpeg
Data/Woman/face_1132.jpg,1,"(210, 276)",jpeg
Data/Man/face_927.jpg,0,"(93, 132)",jpeg
Data/Man/face_887.jpg,0,"(175, 236)",jpeg
Data/Woman/face_36.jpg,1,"(194, 246)",jpeg
Data/Woman/face_624.jpg,1,"(144, 227)",jpeg
Data/Woman/face_43.jpg,1,"(168, 207)",jpeg
Data/Woman/face_551.jpg,1,"(127, 170)",jpeg
Data/Woman/face_1252.jpg,1,"(88, 112)",jpeg
Data/Man/face_1014.jpg,0,"(91, 129)",jpeg
Data/Woman/face_1359.jpg,1,"(164, 225)",jpeg
Data/Man/face_1379.jpg,0,"(121, 182)",jpeg
Data/Man/face_1374.jpg,0,"(146, 192)",jpeg
Data/Man/face_1065.jpg,0,"(221, 257)",jpeg
Data/Woman/face_967.jpg,1,"(138, 157)",jpeg
Data/Man/face_568.jpg,0,"(285, 445)",jpeg
Data/Man/face_282.jpg,0,"(116, 170)",jpeg
Data/Woman/face_1328.jpg,1,"(203, 212)",jpeg
Data/Man/face_1392.jpg,0,"(151, 202)",jpeg
Data/Man/face_1135.jpg,0,"(202, 241)",jpeg
Data/Man/face_563.jpg,0,"(301, 385)",jpeg
Data/Woman/face_474.jpg,1,"(292, 387)",jpeg
Data/Man/face_696.jpg,0,"(349, 487)",jpeg
Data/Woman/face_1149.jpg,1,"(118, 167)",jpeg
Data/Man/face_615.jpg,0,"(148, 191)",jpeg
Data/Woman/face_1016.jpg,1,"(166, 217)",jpeg
Data/Woman/face_445.jpg,1,"(216, 289)",jpeg
Data/Woman/face_832.jpg,1,"(154, 205)",jpeg
Data/Man/face_1455.jpg,0,"(129, 185)",jpeg
Data/Woman/face_733.jpg,1,"(162, 203)",jpeg
Data/Man/face_209.jpg,0,"(207, 257)",jpeg
Data/Man/face_991.jpg,0,"(121, 154)",jpeg
Data/Woman/face_779.jpg,1,"(203, 273)",jpeg
Data/Man/face_692.jpg,0,"(220, 309)",jpeg
Data/Man/face_1434.jpg,0,"(262, 345)",jpeg
Data/Woman/face_38.jpg,1,"(93, 119)",jpeg
Data/Man/face_1016.jpg,0,"(496, 586)",jpeg
Data/Man/face_943.jpg,0,"(676, 886)",jpeg
Data/Man/face_1084.jpg,0,"(115, 168)",jpeg
Data/Woman/face_268.jpg,1,"(74, 98)",jpeg
Data/Man/face_1076.jpg,0,"(140, 180)",jpeg
Data/Woman/face_153.jpg,1,"(156, 225)",jpeg
Data/Woman/face_1054.jpg,1,"(511, 659)",jpeg
Data/Man/face_1432.jpg,0,"(83, 121)",jpeg
Data/Woman/face_1361.jpg,1,"(109, 158)",jpeg
Data/Woman/face_941.jpg,1,"(117, 166)",jpeg
Data/Woman/face_1095.jpg,1,"(356, 474)",jpeg
Data/Woman/face_1354.jpg,1,"(147, 183)",jpeg
Data/Woman/face_277.jpg,1,"(251, 337)",jpeg
Data/Woman/face_757.jpg,1,"(324, 401)",jpeg
Data/Man/face_408.jpg,0,"(542, 600)",jpeg
Data/Woman/face_1233.jpg,1,"(80, 96)",jpeg
Data/Man/face_1143.jpg,0,"(54, 79)",jpeg
Data/Woman/face_339.jpg,1,"(250, 317)",jpeg
Data/Man/face_846.jpg,0,"(237, 323)",jpeg
Data/Man/face_918.jpg,0,"(175, 238)",jpeg
Data/Man/face_525.jpg,0,"(205, 300)",jpeg
Data/Man/face_1029.jpg,0,"(234, 306)",jpeg
Data/Woman/face_701.jpg,1,"(228, 283)",jpeg
Data/Woman/face_741.jpg,1,"(169, 214)",jpeg
Data/Woman/face_356.jpg,1,"(139, 186)",jpeg
Data/Man/face_1394.jpg,0,"(162, 205)",jpeg
Data/Man/face_968.jpg,0,"(171, 237)",jpeg
Data/Woman/face_463.jpg,1,"(92, 168)",jpeg
Data/Woman/face_752.jpg,1,"(191, 246)",jpeg
Data/Woman/face_63.jpg,1,"(1162, 1411)",jpeg
Data/Man/face_309.jpg,0,"(168, 223)",jpeg
Data/Woman/face_812.jpg,1,"(176, 246)",jpeg
Data/Woman/face_653.jpg,1,"(178, 224)",jpeg
Data/Man/face_255.jpg,0,"(275, 379)",jpeg
Data/Man/face_110.jpg,0,"(154, 215)",jpeg
Data/Man/face_162.jpg,0,"(840, 1185)",jpeg
Data/Man/face_895.jpg,0,"(106, 146)",jpeg
Data/Man/face_987.jpg,0,"(198, 255)",jpeg
Data/Woman/face_324.jpg,1,"(101, 139)",jpeg
Data/Man/face_214.jpg,0,"(39, 57)",jpeg
Data/Woman/face_1212.jpg,1,"(229, 339)",jpeg
Data/Woman/face_124.jpg,1,"(251, 322)",jpeg
Data/Man/face_838.jpg,0,"(358, 461)",jpeg
Data/Man/face_729.jpg,0,"(516, 670)",jpeg
Data/Man/face_1102.jpg,0,"(151, 206)",jpeg
Data/Man/face_196.jpg,0,"(314, 474)",jpeg
Data/Woman/face_1259.jpg,1,"(248, 333)",jpeg
Data/Woman/face_261.jpg,1,"(198, 261)",jpeg
Data/Man/face_695.jpg,0,"(320, 453)",jpeg
Data/Woman/face_103.jpg,1,"(138, 175)",jpeg
Data/Man/face_439.jpg,0,"(145, 191)",jpeg
Data/Man/face_215.jpg,0,"(77, 111)",jpeg
Data/Woman/face_676.jpg,1,"(162, 232)",jpeg
Data/Man/face_1384.jpg,0,"(68, 91)",jpeg
Data/Man/face_750.jpg,0,"(122, 176)",jpeg
Data/Man/face_941.jpg,0,"(47, 65)",jpeg
Data/Man/face_902.jpg,0,"(108, 163)",jpeg
Data/Man/face_1498.jpg,0,"(215, 265)",jpeg
Data/Woman/face_223.jpg,1,"(178, 220)",jpeg
Data/Woman/face_820.jpg,1,"(348, 441)",jpeg
Data/Woman/face_1122.jpg,1,"(124, 160)",jpeg
Data/Man/face_759.jpg,0,"(241, 374)",jpeg
Data/Woman/face_273.jpg,1,"(268, 338)",jpeg
Data/Man/face_26.jpg,0,"(435, 603)",jpeg
Data/Man/face_517.jpg,0,"(84, 122)",jpeg
Data/Man/face_659.jpg,0,"(439, 653)",jpeg
Data/Woman/face_1126.jpg,1,"(137, 183)",jpeg
Data/Woman/face_207.jpg,1,"(493, 663)",jpeg
Data/Woman/face_595.jpg,1,"(176, 259)",jpeg
Data/Man/face_308.jpg,0,"(84, 109)",jpeg
Data/Woman/face_866.jpg,1,"(49, 65)",jpeg
Data/Man/face_212.jpg,0,"(346, 456)",jpeg
Data/Woman/face_328.jpg,1,"(194, 271)",jpeg
Data/Man/face_191.jpg,0,"(55, 76)",jpeg
Data/Woman/face_109.jpg,1,"(136, 193)",jpeg
Data/Man/face_487.jpg,0,"(160, 210)",jpeg
Data/Man/face_288.jpg,0,"(622, 787)",jpeg
Data/Woman/face_539.jpg,1,"(124, 167)",jpeg
Data/Man/face_725.jpg,0,"(139, 195)",jpeg
Data/Woman/face_227.jpg,1,"(183, 214)",jpeg
Data/Man/face_440.jpg,0,"(686, 981)",jpeg
Data/Man/face_961.jpg,0,"(98, 130)",jpeg
Data/Man/face_1023.jpg,0,"(70, 92)",jpeg
Data/Woman/face_232.jpg,1,"(190, 247)",jpeg
Data/Woman/face_383.jpg,1,"(770, 943)",jpeg
Data/Woman/face_1053.jpg,1,"(173, 263)",jpeg
Data/Man/face_1520.jpg,0,"(261, 313)",jpeg
Data/Woman/face_205.jpg,1,"(364, 508)",jpeg
Data/Man/face_428.jpg,0,"(138, 198)",jpeg
Data/Woman/face_46.jpg,1,"(130, 173)",jpeg
Data/Man/face_1028.jpg,0,"(88, 128)",jpeg
Data/Man/face_597.jpg,0,"(367, 470)",jpeg
Data/Woman/face_712.jpg,1,"(302, 376)",jpeg
Data/Man/face_627.jpg,0,"(77, 95)",jpeg
Data/Woman/face_975.jpg,1,"(161, 232)",jpeg
Data/Man/face_1309.jpg,0,"(185, 249)",jpeg
Data/Woman/face_116.jpg,1,"(291, 343)",jpeg
Data/Woman/face_1269.jpg,1,"(65, 93)",jpeg
Data/Woman/face_688.jpg,1,"(197, 262)",jpeg
Data/Woman/face_245.jpg,1,"(148, 179)",jpeg
Data/Woman/face_61.jpg,1,"(121, 148)",jpeg
Data/Woman/face_997.jpg,1,"(262, 315)",jpeg
Data/Man/face_1298.jpg,0,"(236, 304)",jpeg
Data/Woman/face_561.jpg,1,"(231, 320)",jpeg
Data/Woman/face_364.jpg,1,"(312, 455)",jpeg
Data/Man/face_970.jpg,0,"(85, 124)",jpeg
Data/Woman/face_734.jpg,1,"(249, 321)",jpeg
Data/Woman/face_1180.jpg,1,"(305, 382)",jpeg
Data/Woman/face_1114.jpg,1,"(108, 135)",jpeg
Data/Man/face_337.jpg,0,"(98, 143)",jpeg
Data/Woman/face_1043.jpg,1,"(394, 480)",jpeg
Data/Woman/face_1117.jpg,1,"(200, 301)",jpeg
Data/Man/face_185.jpg,0,"(536, 730)",jpeg
Data/Woman/face_45.jpg,1,"(259, 323)",jpeg
Data/Man/face_1296.jpg,0,"(128, 160)",jpeg
Data/Woman/face_449.jpg,1,"(248, 316)",jpeg
Data/Man/face_1145.jpg,0,"(78, 103)",jpeg
Data/Man/face_93.jpg,0,"(168, 232)",jpeg
Data/Man/face_1235.jpg,0,"(149, 203)",jpeg
Data/Man/face_36.jpg,0,"(199, 264)",jpeg
Data/Man/face_1269.jpg,0,"(40, 69)",jpeg
Data/Man/face_531.jpg,0,"(173, 209)",jpeg
Data/Woman/face_1005.jpg,1,"(143, 172)",jpeg
Data/Man/face_53.jpg,0,"(134, 172)",jpeg
Data/Man/face_1053.jpg,0,"(118, 144)",jpeg
Data/Woman/face_918.jpg,1,"(249, 334)",jpeg
Data/Woman/face_58.jpg,1,"(78, 104)",jpeg
Data/Woman/face_905.jpg,1,"(178, 230)",jpeg
Data/Man/face_709.jpg,0,"(89, 118)",jpeg
Data/Woman/face_809.jpg,1,"(114, 166)",jpeg
Data/Man/face_668.jpg,0,"(137, 202)",jpeg
Data/Woman/face_678.jpg,1,"(80, 115)",jpeg
Data/Man/face_1183.jpg,0,"(222, 277)",jpeg
Data/Man/face_1213.jpg,0,"(412, 567)",jpeg
Data/Man/face_1479.jpg,0,"(68, 106)",jpeg
Data/Woman/face_480.jpg,1,"(260, 309)",jpeg
Data/Man/face_1250.jpg,0,"(157, 204)",jpeg
Data/Man/face_1445.jpg,0,"(157, 214)",jpeg
Data/Man/face_239.jpg,0,"(162, 198)",jpeg
Data/Man/face_962.jpg,0,"(62, 88)",jpeg
Data/Man/face_557.jpg,0,"(220, 307)",jpeg
Data/Woman/face_144.jpg,1,"(73, 105)",jpeg
Data/Man/face_303.jpg,0,"(278, 371)",jpeg
Data/Man/face_505.jpg,0,"(370, 412)",jpeg
Data/Woman/face_134.jpg,1,"(114, 165)",jpeg
Data/Woman/face_1373.jpg,1,"(103, 123)",jpeg
Data/Woman/face_198.jpg,1,"(260, 361)",jpeg
Data/Man/face_645.jpg,0,"(106, 137)",jpeg
Data/Woman/face_1175.jpg,1,"(96, 130)",jpeg
Data/Man/face_864.jpg,0,"(70, 92)",jpeg
Data/Woman/face_267.jpg,1,"(230, 280)",jpeg
Data/Man/face_1322.jpg,0,"(721, 926)",jpeg
Data/Woman/face_1032.jpg,1,"(187, 241)",jpeg
Data/Man/face_1358.jpg,0,"(243, 274)",jpeg
Data/Man/face_1399.jpg,0,"(121, 155)",jpeg
Data/Man/face_461.jpg,0,"(129, 172)",jpeg
Data/Man/face_1007.jpg,0,"(172, 241)",jpeg
Data/Man/face_818.jpg,0,"(187, 240)",jpeg
Data/Man/face_368.jpg,0,"(154, 222)",jpeg
Data/Man/face_1284.jpg,0,"(176, 251)",jpeg
Data/Woman/face_1264.jpg,1,"(833, 1060)",jpeg
Data/Man/face_942.jpg,0,"(50, 76)",jpeg
Data/Woman/face_386.jpg,1,"(204, 247)",jpeg
Data/Woman/face_1110.jpg,1,"(142, 163)",jpeg
Data/Man/face_1391.jpg,0,"(93, 141)",jpeg
Data/Man/face_683.jpg,0,"(125, 147)",jpeg
Data/Woman/face_320.jpg,1,"(232, 287)",jpeg
Data/Man/face_245.jpg,0,"(260, 362)",jpeg
Data/Man/face_1200.jpg,0,"(147, 197)",jpeg
Data/Man/face_1367.jpg,0,"(140, 201)",jpeg
Data/Woman/face_964.jpg,1,"(113, 156)",jpeg
Data/Man/face_1155.jpg,0,"(217, 290)",jpeg
Data/Man/face_174.jpg,0,"(223, 290)",jpeg
Data/Woman/face_931.jpg,1,"(188, 256)",jpeg
Data/Woman/face_870.jpg,1,"(157, 206)",jpeg
Data/Man/face_1285.jpg,0,"(359, 433)",jpeg
Data/Man/face_80.jpg,0,"(224, 327)",jpeg
Data/Woman/face_325.jpg,1,"(195, 236)",jpeg
Data/Man/face_1335.jpg,0,"(88, 125)",jpeg
Data/Man/face_85.jpg,0,"(332, 496)",jpeg
Data/Man/face_421.jpg,0,"(353, 446)",jpeg
Data/Woman/face_1036.jpg,1,"(224, 278)",jpeg
Data/Man/face_1231.jpg,0,"(84, 115)",jpeg
Data/Woman/face_1059.jpg,1,"(62, 93)",jpeg
Data/Man/face_1111.jpg,0,"(135, 164)",jpeg
Data/Woman/face_525.jpg,1,"(169, 228)",jpeg
Data/Man/face_187.jpg,0,"(94, 131)",jpeg
Data/Man/face_712.jpg,0,"(279, 420)",jpeg
Data/Woman/face_722.jpg,1,"(103, 142)",jpeg
Data/Woman/face_765.jpg,1,"(85, 108)",jpeg
Data/Woman/face_332.jpg,1,"(84, 109)",jpeg
Data/Man/face_1320.jpg,0,"(246, 346)",jpeg
Data/Man/face_1494.jpg,0,"(52, 69)",jpeg
Data/Woman/face_157.jpg,1,"(1101, 1204)",jpeg
Data/Man/face_112.jpg,0,"(106, 153)",jpeg
Data/Woman/face_801.jpg,1,"(166, 233)",jpeg
Data/Woman/face_1362.jpg,1,"(66, 86)",jpeg
Data/Woman/face_123.jpg,1,"(113, 142)",jpeg
Data/Woman/face_799.jpg,1,"(157, 176)",jpeg
Data/Woman/face_206.jpg,1,"(140, 196)",jpeg
Data/Man/face_1408.jpg,0,"(250, 352)",jpeg
Data/Man/face_521.jpg,0,"(145, 186)",jpeg
Data/Man/face_1182.jpg,0,"(112, 145)",jpeg
Data/Woman/face_1232.jpg,1,"(36, 46)",jpeg
Data/Woman/face_258.jpg,1,"(279, 328)",jpeg
Data/Man/face_848.jpg,0,"(82, 108)",jpeg
Data/Woman/face_35.jpg,1,"(151, 223)",jpeg
Data/Woman/face_725.jpg,1,"(80, 98)",jpeg
Data/Man/face_385.jpg,0,"(109, 146)",jpeg
Data/Man/face_1372.jpg,0,"(116, 167)",jpeg
Data/Woman/face_1372.jpg,1,"(61, 82)",jpeg
Data/Woman/face_401.jpg,1,"(117, 155)",jpeg
Data/Woman/face_1041.jpg,1,"(101, 135)",jpeg
Data/Man/face_143.jpg,0,"(653, 882)",jpeg
Data/Man/face_867.jpg,0,"(130, 165)",jpeg
Data/Man/face_30.jpg,0,"(102, 136)",jpeg
Data/Woman/face_1366.jpg,1,"(132, 181)",jpeg
Data/Man/face_453.jpg,0,"(891, 1176)",jpeg
Data/Man/face_1500.jpg,0,"(101, 129)",jpeg
Data/Woman/face_1219.jpg,1,"(98, 128)",jpeg
Data/Man/face_1496.jpg,0,"(475, 580)",jpeg
Data/Woman/face_924.jpg,1,"(214, 293)",jpeg
Data/Woman/face_1172.jpg,1,"(138, 202)",jpeg
Data/Man/face_1265.jpg,0,"(66, 99)",jpeg
Data/Woman/face_696.jpg,1,"(194, 263)",jpeg
Data/Man/face_526.jpg,0,"(263, 338)",jpeg
Data/Woman/face_508.jpg,1,"(148, 180)",jpeg
Data/Man/face_84.jpg,0,"(131, 173)",jpeg
Data/Woman/face_901.jpg,1,"(51, 58)",jpeg
Data/Woman/face_1143.jpg,1,"(173, 226)",jpeg
Data/Woman/face_740.jpg,1,"(157, 209)",jpeg
Data/Man/face_901.jpg,0,"(195, 242)",jpeg
Data/Man/face_1037.jpg,0,"(158, 212)",jpeg
Data/Man/face_764.jpg,0,"(79, 106)",jpeg
Data/Man/face_1091.jpg,0,"(164, 215)",jpeg
Data/Man/face_925.jpg,0,"(669, 969)",jpeg
Data/Woman/face_235.jpg,1,"(199, 282)",jpeg
Data/Woman/face_1170.jpg,1,"(303, 348)",jpeg
Data/Woman/face_1090.jpg,1,"(131, 157)",jpeg
Data/Man/face_73.jpg,0,"(1039, 1393)",jpeg
Data/Man/face_686.jpg,0,"(440, 657)",jpeg
Data/Man/face_1097.jpg,0,"(205, 256)",jpeg
Data/Woman/face_1187.jpg,1,"(145, 184)",jpeg
Data/Woman/face_429.jpg,1,"(217, 293)",jpeg
Data/Man/face_816.jpg,0,"(282, 406)",jpeg
Data/Man/face_981.jpg,0,"(183, 247)",jpeg
Data/Man/face_1463.jpg,0,"(78, 66)",jpeg
Data/Man/face_665.jpg,0,"(120, 153)",jpeg
Data/Man/face_1202.jpg,0,"(94, 123)",jpeg
Data/Woman/face_114.jpg,1,"(106, 158)",jpeg
Data/Woman/face_1030.jpg,1,"(141, 168)",jpeg
Data/Woman/face_169.jpg,1,"(147, 198)",jpeg
Data/Man/face_1316.jpg,0,"(129, 188)",jpeg
Data/Man/face_670.jpg,0,"(170, 219)",jpeg
Data/Woman/face_501.jpg,1,"(245, 351)",jpeg
Data/Man/face_47.jpg,0,"(132, 177)",jpeg
Data/Woman/face_1314.jpg,1,"(116, 167)",jpeg
Data/Man/face_1119.jpg,0,"(220, 304)",jpeg
Data/Woman/face_210.jpg,1,"(106, 143)",jpeg
Data/Woman/face_66.jpg,1,"(118, 146)",jpeg
Data/Woman/face_1169.jpg,1,"(81, 116)",jpeg
Data/Woman/face_1078.jpg,1,"(79, 81)",jpeg
Data/Man/face_661.jpg,0,"(110, 145)",jpeg
Data/Woman/face_1339.jpg,1,"(131, 167)",jpeg
Data/Woman/face_59.jpg,1,"(1721, 2262)",jpeg
Data/Man/face_1251.jpg,0,"(165, 203)",jpeg
Data/Woman/face_1070.jpg,1,"(107, 146)",jpeg
Data/Man/face_612.jpg,0,"(189, 221)",jpeg
Data/Woman/face_1071.jpg,1,"(49, 69)",jpeg
Data/Woman/face_459.jpg,1,"(179, 228)",jpeg
Data/Woman/face_1280.jpg,1,"(136, 187)",jpeg
Data/Man/face_908.jpg,0,"(154, 213)",jpeg
Data/Man/face_1165.jpg,0,"(146, 189)",jpeg
Data/Man/face_1069.jpg,0,"(186, 216)",jpeg
Data/Woman/face_710.jpg,1,"(262, 342)",jpeg
Data/Man/face_776.jpg,0,"(182, 246)",jpeg
Data/Man/face_200.jpg,0,"(322, 415)",jpeg
Data/Woman/face_296.jpg,1,"(107, 136)",jpeg
Data/Man/face_233.jpg,0,"(154, 209)",jpeg
Data/Woman/face_51.jpg,1,"(134, 169)",jpeg
Data/Man/face_366.jpg,0,"(134, 176)",jpeg
Data/Man/face_767.jpg,0,"(151, 204)",jpeg
Data/Man/face_544.jpg,0,"(310, 372)",jpeg
Data/Woman/face_1013.jpg,1,"(161, 192)",jpeg
Data/Man/face_318.jpg,0,"(258, 343)",jpeg
Data/Man/face_1450.jpg,0,"(67, 92)",jpeg
Data/Man/face_154.jpg,0,"(213, 309)",jpeg
Data/Woman/face_1329.jpg,1,"(40, 44)",jpeg
Data/Man/face_745.jpg,0,"(328, 437)",jpeg
Data/Woman/face_147.jpg,1,"(147, 216)",jpeg
Data/Woman/face_204.jpg,1,"(74, 98)",jpeg
Data/Man/face_1512.jpg,0,"(240, 279)",jpeg
Data/Man/face_305.jpg,0,"(204, 288)",jpeg
Data/Man/face_51.jpg,0,"(443, 634)",jpeg
Data/Man/face_275.jpg,0,"(185, 244)",jpeg
Data/Woman/face_1025.jpg,1,"(132, 179)",jpeg
Data/Woman/face_263.jpg,1,"(153, 217)",jpeg
Data/Man/face_974.jpg,0,"(129, 180)",jpeg
Data/Man/face_387.jpg,0,"(252, 336)",jpeg
Data/Woman/face_636.jpg,1,"(300, 383)",jpeg
Data/Woman/face_804.jpg,1,"(334, 444)",jpeg
Data/Woman/face_625.jpg,1,"(164, 226)",jpeg
Data/Woman/face_408.jpg,1,"(221, 278)",jpeg
Data/Man/face_321.jpg,0,"(139, 211)",jpeg
Data/Woman/face_963.jpg,1,"(414, 541)",jpeg
Data/Woman/face_415.jpg,1,"(453, 510)",jpeg
Data/Woman/face_4.jpg,1,"(148, 208)",jpeg
Data/Woman/face_1065.jpg,1,"(98, 97)",jpeg
Data/Woman/face_1074.jpg,1,"(109, 133)",jpeg
Data/Man/face_213.jpg,0,"(822, 1207)",jpeg
Data/Man/face_491.jpg,0,"(373, 585)",jpeg
Data/Man/face_449.jpg,0,"(152, 215)",jpeg
Data/Man/face_477.jpg,0,"(249, 353)",jpeg
Data/Woman/face_643.jpg,1,"(171, 219)",jpeg
Data/Man/face_433.jpg,0,"(139, 183)",jpeg
Data/Man/face_291.jpg,0,"(576, 853)",jpeg
Data/Man/face_573.jpg,0,"(203, 283)",jpeg
Data/Woman/face_1167.jpg,1,"(150, 199)",jpeg
Data/Woman/face_436.jpg,1,"(104, 151)",jpeg
Data/Man/face_975.jpg,0,"(141, 214)",jpeg
Data/Man/face_364.jpg,0,"(394, 532)",jpeg
Data/Woman/face_275.jpg,1,"(99, 143)",jpeg
Data/Woman/face_420.jpg,1,"(425, 587)",jpeg
Data/Man/face_1280.jpg,0,"(356, 488)",jpeg
Data/Man/face_1301.jpg,0,"(166, 229)",jpeg
Data/Woman/face_92.jpg,1,"(798, 1125)",jpeg
Data/Woman/face_540.jpg,1,"(182, 253)",jpeg
Data/Woman/face_357.jpg,1,"(181, 226)",jpeg
Data/Woman/face_970.jpg,1,"(113, 161)",jpeg
Data/Woman/face_1133.jpg,1,"(351, 440)",jpeg
Data/Woman/face_1077.jpg,1,"(105, 127)",jpeg
Data/Man/face_1198.jpg,0,"(144, 197)",jpeg
Data/Man/face_551.jpg,0,"(82, 104)",jpeg
Data/Woman/face_1290.jpg,1,"(151, 193)",jpeg
Data/Man/face_845.jpg,0,"(227, 307)",jpeg
Data/Man/face_817.jpg,0,"(67, 81)",jpeg
Data/Man/face_78.jpg,0,"(166, 225)",jpeg
Data/Man/face_65.jpg,0,"(68, 102)",jpeg
Data/Woman/face_1176.jpg,1,"(204, 268)",jpeg
Data/Man/face_137.jpg,0,"(77, 108)",jpeg
Data/Man/face_1253.jpg,0,"(161, 212)",jpeg
Data/Woman/face_767.jpg,1,"(118, 141)",jpeg
Data/Man/face_648.jpg,0,"(168, 247)",jpeg
Data/Woman/face_467.jpg,1,"(182, 216)",jpeg
Data/Woman/face_1279.jpg,1,"(68, 93)",jpeg
Data/Man/face_216.jpg,0,"(80, 120)",jpeg
Data/Man/face_604.jpg,0,"(230, 294)",jpeg
Data/Woman/face_661.jpg,1,"(169, 176)",jpeg
Data/Woman/face_444.jpg,1,"(188, 265)",jpeg
Data/Man/face_90.jpg,0,"(276, 355)",jpeg
Data/Man/face_135.jpg,0,"(229, 268)",jpeg
Data/Woman/face_1288.jpg,1,"(157, 204)",jpeg
Data/Woman/face_266.jpg,1,"(331, 465)",jpeg
Data/Man/face_20.jpg,0,"(120, 188)",jpeg
Data/Woman/face_822.jpg,1,"(103, 146)",jpeg
Data/Man/face_447.jpg,0,"(300, 407)",jpeg
Data/Woman/face_30.jpg,1,"(130, 196)",jpeg
Data/Man/face_390.jpg,0,"(327, 453)",jpeg
